-- phpMyAdmin SQL Dump
-- version 4.8.4
-- https://www.phpmyadmin.net/
--
-- Host: 127.0.0.1
-- Generation Time: Feb 03, 2026 at 10:48 AM
-- Server version: 10.1.37-MariaDB
-- PHP Version: 7.3.0

SET SQL_MODE = "NO_AUTO_VALUE_ON_ZERO";
SET AUTOCOMMIT = 0;
START TRANSACTION;
SET time_zone = "+00:00";


/*!40101 SET @OLD_CHARACTER_SET_CLIENT=@@CHARACTER_SET_CLIENT */;
/*!40101 SET @OLD_CHARACTER_SET_RESULTS=@@CHARACTER_SET_RESULTS */;
/*!40101 SET @OLD_COLLATION_CONNECTION=@@COLLATION_CONNECTION */;
/*!40101 SET NAMES utf8mb4 */;

--
-- Database: `db_cms_school`
--

-- --------------------------------------------------------

--
-- Table structure for table `announcements`
--

CREATE TABLE `announcements` (
  `id` int(11) NOT NULL,
  `title` varchar(255) NOT NULL,
  `content` text NOT NULL,
  `posted_by` varchar(100) DEFAULT 'រដ្ឋបាល',
  `created_at` timestamp NOT NULL DEFAULT CURRENT_TIMESTAMP
) ENGINE=InnoDB DEFAULT CHARSET=utf8;

--
-- Dumping data for table `announcements`
--

INSERT INTO `announcements` (`id`, `title`, `content`, `posted_by`, `created_at`) VALUES
(1, 'ការឈប់សម្រាកបុណ្យចូលឆ្នាំ', 'សាលានឹងត្រូវឈប់សម្រាកចាប់ពីថ្ងៃទី ១៤ ដល់ ១៦ ខែមេសា។', 'រដ្ឋបាល', '2026-01-15 15:12:15'),
(3, 'ការឈប់សម្រាក ថ្ងៃនេះលោកគ្រូ​ ជា ឧត្តម សង្សារសុំបែក', '​ ថ្ងៃនេះ​ ថ្នាក់ទី១១A គ្មានការបង្រៀនទេ', 'រដ្ឋបាល', '2026-01-16 05:40:16'),
(7, 'ឈប់សម្រាក', 'ឈប់\r\n', 'រដ្ឋបាល', '2026-02-03 09:35:51');

-- --------------------------------------------------------

--
-- Table structure for table `attendance`
--

CREATE TABLE `attendance` (
  `id` int(11) NOT NULL,
  `student_id` int(11) NOT NULL,
  `class_id` int(11) NOT NULL,
  `teacher_id` int(11) NOT NULL,
  `status` enum('present','absent','permission') NOT NULL DEFAULT 'present',
  `attendance_date` date NOT NULL,
  `created_at` timestamp NOT NULL DEFAULT CURRENT_TIMESTAMP
) ENGINE=InnoDB DEFAULT CHARSET=utf8mb4;

--
-- Dumping data for table `attendance`
--

INSERT INTO `attendance` (`id`, `student_id`, `class_id`, `teacher_id`, `status`, `attendance_date`, `created_at`) VALUES
(1, 6, 1, 13, 'present', '2026-02-03', '2026-02-03 08:40:21'),
(2, 20, 1, 13, 'present', '2026-02-03', '2026-02-03 08:40:21'),
(3, 16, 1, 13, 'present', '2026-02-03', '2026-02-03 08:40:21'),
(4, 21, 1, 13, 'present', '2026-02-03', '2026-02-03 08:40:21'),
(5, 2, 1, 13, 'present', '2026-02-03', '2026-02-03 08:40:21'),
(6, 181, 1, 13, 'present', '2026-02-03', '2026-02-03 08:40:21'),
(7, 9, 1, 13, 'present', '2026-02-03', '2026-02-03 08:40:21'),
(8, 3, 1, 13, 'present', '2026-02-03', '2026-02-03 08:40:21'),
(9, 17, 1, 13, 'present', '2026-02-03', '2026-02-03 08:40:21'),
(10, 7, 1, 13, 'present', '2026-02-03', '2026-02-03 08:40:21'),
(11, 23, 1, 13, 'present', '2026-02-03', '2026-02-03 08:40:21'),
(12, 14, 1, 13, 'present', '2026-02-03', '2026-02-03 08:40:21'),
(13, 10, 1, 13, 'present', '2026-02-03', '2026-02-03 08:40:21'),
(14, 29, 1, 13, 'present', '2026-02-03', '2026-02-03 08:40:21'),
(15, 24, 1, 13, 'present', '2026-02-03', '2026-02-03 08:40:21'),
(16, 5, 1, 13, 'present', '2026-02-03', '2026-02-03 08:40:21'),
(17, 1, 1, 13, 'present', '2026-02-03', '2026-02-03 08:40:21'),
(18, 22, 1, 13, 'present', '2026-02-03', '2026-02-03 08:40:21'),
(19, 25, 1, 13, 'present', '2026-02-03', '2026-02-03 08:40:21'),
(20, 15, 1, 13, 'present', '2026-02-03', '2026-02-03 08:40:21'),
(21, 28, 1, 13, 'present', '2026-02-03', '2026-02-03 08:40:21'),
(22, 4, 1, 13, 'present', '2026-02-03', '2026-02-03 08:40:21'),
(23, 13, 1, 13, 'present', '2026-02-03', '2026-02-03 08:40:21'),
(24, 18, 1, 13, 'present', '2026-02-03', '2026-02-03 08:40:21'),
(25, 30, 1, 13, 'present', '2026-02-03', '2026-02-03 08:40:21'),
(26, 11, 1, 13, 'present', '2026-02-03', '2026-02-03 08:40:21'),
(27, 19, 1, 13, 'present', '2026-02-03', '2026-02-03 08:40:21'),
(28, 8, 1, 13, 'present', '2026-02-03', '2026-02-03 08:40:21'),
(29, 12, 1, 13, 'present', '2026-02-03', '2026-02-03 08:40:21'),
(30, 26, 1, 13, 'present', '2026-02-03', '2026-02-03 08:40:21'),
(31, 27, 1, 13, 'present', '2026-02-03', '2026-02-03 08:40:21');

-- --------------------------------------------------------

--
-- Table structure for table `classes`
--

CREATE TABLE `classes` (
  `id` int(11) NOT NULL,
  `class_name` varchar(50) COLLATE utf8mb4_unicode_ci NOT NULL,
  `academic_year` varchar(20) COLLATE utf8mb4_unicode_ci DEFAULT NULL
) ENGINE=InnoDB DEFAULT CHARSET=utf8mb4 COLLATE=utf8mb4_unicode_ci;

--
-- Dumping data for table `classes`
--

INSERT INTO `classes` (`id`, `class_name`, `academic_year`) VALUES
(1, 'ថ្នាក់ទី ៧', NULL),
(2, 'ថ្នាក់ទី ៨', NULL),
(3, 'ថ្នាក់ទី ៩', NULL),
(4, 'ថ្នាក់ទី ១០', NULL),
(5, 'ថ្នាក់ទី ១១ វិទ្យាសាស្រ្ត', NULL),
(6, 'ថ្នាក់ទី ១១​ សង្គម', NULL),
(8, 'ថ្នាក់ទី១២សង្គម', NULL),
(9, 'ថ្នាក់ទី១២វិទ្យាសាស្រ្ត', NULL);

-- --------------------------------------------------------

--
-- Table structure for table `scores`
--

CREATE TABLE `scores` (
  `id` int(11) NOT NULL,
  `student_id` int(11) NOT NULL,
  `subject_id` int(11) NOT NULL,
  `monthly_score` decimal(5,2) DEFAULT '0.00',
  `exam_score` decimal(5,2) DEFAULT '0.00',
  `total_score` decimal(5,2) DEFAULT '0.00',
  `grade` varchar(2) DEFAULT NULL,
  `input_month` varchar(2) DEFAULT NULL,
  `input_year` year(4) DEFAULT NULL,
  `created_at` timestamp NOT NULL DEFAULT CURRENT_TIMESTAMP
) ENGINE=InnoDB DEFAULT CHARSET=utf8mb4;

-- --------------------------------------------------------

--
-- Table structure for table `students`
--

CREATE TABLE `students` (
  `id` int(11) NOT NULL,
  `user_id` int(11) DEFAULT NULL,
  `student_id` varchar(50) DEFAULT NULL,
  `full_name` varchar(255) DEFAULT NULL,
  `full_name_en` varchar(255) DEFAULT NULL,
  `gender` varchar(10) DEFAULT NULL,
  `dob` varchar(50) DEFAULT NULL,
  `pob` text,
  `address` text,
  `father_name` varchar(255) DEFAULT NULL,
  `mother_name` varchar(255) DEFAULT NULL,
  `father_job` varchar(100) DEFAULT NULL,
  `mother_job` varchar(100) DEFAULT NULL,
  `father_phone` varchar(20) DEFAULT NULL,
  `mother_phone` varchar(20) DEFAULT NULL,
  `stream` varchar(100) DEFAULT NULL,
  `class_name` varchar(50) DEFAULT NULL,
  `status` varchar(20) DEFAULT 'Active',
  `class_id` int(11) DEFAULT NULL,
  `academic_year` varchar(20) DEFAULT NULL,
  `photo` varchar(255) DEFAULT 'default.png',
  `profile_img` varchar(255) DEFAULT NULL,
  `phone` varchar(50) DEFAULT NULL,
  `parent_phone` varchar(20) DEFAULT NULL
) ENGINE=InnoDB DEFAULT CHARSET=utf8;

--
-- Dumping data for table `students`
--

INSERT INTO `students` (`id`, `user_id`, `student_id`, `full_name`, `full_name_en`, `gender`, `dob`, `pob`, `address`, `father_name`, `mother_name`, `father_job`, `mother_job`, `father_phone`, `mother_phone`, `stream`, `class_name`, `status`, `class_id`, `academic_year`, `photo`, `profile_img`, `phone`, `parent_phone`) VALUES
(1, 2154, 'S2026001', 'លី វឌ្ឍនៈ', 'LY VATTANAK', 'ប្រុស', '2/14/2013', 'សង្កាត់បឹងព្រលឹត, ខណ្ឌ៧មករា, រាជធានីភ្នំពេញ', 'សង្កាត់បឹងព្រលឹត, ខណ្ឌ៧មករា, រាជធានីភ្នំពេញ', 'លី វណ្ណា', 'គឹម ស៊ាង', 'not', '968263627', 'not', 'not', 'not', '7', 'Active', 1, '2025-2026', 'default.png', 'S2026001_1770037672.jpg', NULL, NULL),
(2, 2155, 'S2026002', 'ជា ស្រីលីន', 'CHEA SREYLIN', 'ស្រី', '5/20/2011', 'សង្កាត់ផ្សារថ្មី៣, ខណ្ឌដូនពេញ, រាជធានីភ្នំពេញ', 'សង្កាត់ផ្សារថ្មី៣, ខណ្ឌដូនពេញ, រាជធានីភ្នំពេញ', 'ជា ហ៊ាន', 'រស់ ផល្លី', 'not', 'not', 'not', 'not', 'not', '7', 'Active', 1, '2025-2026', 'default.png', NULL, NULL, NULL),
(3, 2156, 'S2026003', 'នួន ចាន់រ៉ា', 'NUON CHANRA', 'ប្រុស', '9/5/2013', 'សង្កាត់ស្ទឹងមានជ័យ៣, ខណ្ឌមានជ័យ, រាជធានីភ្នំពេញ', 'សង្កាត់ស្ទឹងមានជ័យ៣, ខណ្ឌមានជ័យ, រាជធានីភ្នំពេញ', 'នួន នី', 'ចាន់ សុផល', 'not', 'not', 'not', 'not', 'not', '7', 'Active', 1, '2025-2026', 'default.png', NULL, NULL, NULL),
(4, 2157, 'S2026004', 'សោម ម៉ារីយ៉ា', 'SOM MARYA', 'ស្រី', '11/12/2013', 'សង្កាត់ចាក់អង្រែលើ, ខណ្ឌមានជ័យ, រាជធានីភ្នំពេញ', 'សង្កាត់ចាក់អង្រែលើ, ខណ្ឌមានជ័យ, រាជធានីភ្នំពេញ', 'សោម សារ៉ន', 'លី ផានិត', 'not', 'not', 'not', 'not', 'not', '7', 'Active', 1, '2025-2026', 'default.png', NULL, NULL, NULL),
(5, 2158, 'S2026005', 'រស់ បុរី', 'ROS BOREY', 'ប្រុស', '3/22/2012', 'សង្កាត់ភ្នំពេញថ្មី, ខណ្ឌសែនសុខ, រាជធានីភ្នំពេញ', 'សង្កាត់ភ្នំពេញថ្មី, ខណ្ឌសែនសុខ, រាជធានីភ្នំពេញ', 'រស់ រ៉េត', 'សោម សុខី', 'not', 'not', 'not', 'not', 'not', '7', 'Active', 1, '2025-2026', 'default.png', NULL, NULL, NULL),
(6, 2159, 'S2026006', 'គឹម សុធានី', 'KIM SOTHEANY', 'ស្រី', '7/8/2011', 'សង្កាត់បឹងទំពុន២, ខណ្ឌមានជ័យ, រាជធានីភ្នំពេញ', 'សង្កាត់អូរឡាំពិក, ខណ្ឌបឹងកេងកង, រាជធានីភ្នំពេញ', 'គឹម សុផល', 'ស៊ន សារី', 'not', 'not', 'not', 'not', 'not', '7', 'Active', 1, '2025-2026', 'default.png', NULL, NULL, NULL),
(7, 2160, 'S2026007', 'ផាន សំណាង', 'PHAN SAMNANG', 'ប្រុស', '12/10/2013', 'សង្កាត់ទួលសង្កែ២, ខណ្ឌឫស្សីកែវ, រាជធានីភ្នំពេញ', 'សង្កាត់ទួលសង្កែ២, ខណ្ឌឫស្សីកែវ, រាជធានីភ្នំពេញ', 'ផាន ឡាយ', 'ឈាន ស៊ីណេត', 'not', 'not', 'not', 'not', 'not', '7', 'Active', 1, '2025-2026', 'default.png', NULL, NULL, NULL),
(8, 2161, 'S2026008', 'ឡាំ ម៉ារីណា', 'LAM MARINA', 'ស្រី', '1/30/2013', 'សង្កាត់ច្បារអំពៅ១, ខណ្ឌច្បារអំពៅ, រាជធានីភ្នំពេញ', 'សង្កាត់ច្បារអំពៅ១, ខណ្ឌច្បារអំពៅ, រាជធានីភ្នំពេញ', 'ឡាំ ហួរ', 'ម៉ៅ សុផាត', 'not', 'not', 'not', 'not', 'not', '7', 'Active', 1, '2025-2026', 'default.png', NULL, NULL, NULL),
(9, 2162, 'S2026009', 'ថន វិសាល', 'THORN VISAL', 'ប្រុស', '6/18/2013', 'សង្កាត់អូរឡាំពិក, ខណ្ឌបឹងកេងកង, រាជធានីភ្នំពេញ', 'សង្កាត់អូរឡាំពិក, ខណ្ឌបឹងកេងកង, រាជធានីភ្នំពេញ', 'ថន វណ្ណា', 'សរ សុភី', 'not', 'not', 'not', 'not', 'not', '7', 'Active', 1, '2025-2026', 'default.png', NULL, NULL, NULL),
(10, 2163, 'S2026010', 'ម៉ៅ ស្រីនា', 'MAO SREYNEA', 'ស្រី', '10/2/2013', 'សង្កាត់ចោមចៅ៣, ខណ្ឌពោធិ៍សែនជ័យ, រាជធានីភ្នំពេញ', 'សង្កាត់ចោមចៅ៣, ខណ្ឌពោធិ៍សែនជ័យ, រាជធានីភ្នំពេញ', 'ម៉ៅ វឿន', 'ចាន់ ណារី', 'not', 'not', 'not', 'not', 'not', '7', 'Active', 1, '2025-2026', 'default.png', NULL, NULL, NULL),
(11, 2164, 'S2026011', 'ហ៊ាន រតនា', 'HEAN RATANA', 'ប្រុស', '4/12/2013', 'សង្កាត់គោកឃ្លាង, ខណ្ឌសែនសុខ, រាជធានីភ្នំពេញ', 'សង្កាត់គោកឃ្លាង, ខណ្ឌសែនសុខ, រាជធានីភ្នំពេញ', 'ហ៊ាន រ៉េត', 'សោម ស្រីមុំ', 'not', 'not', 'not', 'not', 'not', '7', 'Active', 1, '2025-2026', 'default.png', NULL, NULL, NULL),
(12, 2165, 'S2026012', 'ឡុង សុភ័ក្រ', 'LONG SOPHEAK', 'ស្រី', '8/25/2013', 'សង្កាត់ផ្សារថ្មី១, ខណ្ឌដូនពេញ, រាជធានីភ្នំពេញ', 'សង្កាត់ផ្សារថ្មី១, ខណ្ឌដូនពេញ, រាជធានីភ្នំពេញ', 'ឡុង ផល', 'ស្រី មុំ', 'not', 'not', 'not', 'not', 'not', '7', 'Active', 1, '2025-2026', 'default.png', NULL, NULL, NULL),
(13, 2166, 'S2026013', 'ស៊ន សុបញ្ញា', 'SORN SOPANHA', 'ប្រុស', '2/14/2013', 'សង្កាត់បឹងរាំង, ខណ្ឌដូនពេញ, រាជធានីភ្នំពេញ', 'សង្កាត់បឹងរាំង, ខណ្ឌដូនពេញ, រាជធានីភ្នំពេញ', 'ស៊ន ជា', 'មាស ផានិត', 'not', 'not', 'not', 'not', 'not', '7', 'Active', 1, '2025-2026', 'default.png', NULL, NULL, NULL),
(14, 2167, 'S2026014', 'ម៉ែន ម៉ារី', 'MEN MARY', 'ស្រី', '11/20/2013', 'សង្កាត់វាលវង់, ខណ្ឌ៧មករា, រាជធានីភ្នំពេញ', 'សង្កាត់វាលវង់, ខណ្ឌ៧មករា, រាជធានីភ្នំពេញ', 'ម៉ែន សំ', 'លី សារ៉េត', 'not', 'not', 'not', 'not', 'not', '7', 'Active', 1, '2025-2026', 'default.png', NULL, NULL, NULL),
(15, 2168, 'S2026015', 'សិត វិបុល', 'SIT VIBOL', 'ប្រុស', '6/5/2013', 'សង្កាត់ទឹកថ្លា, ខណ្ឌសែនសុខ, រាជធានីភ្នំពេញ', 'សង្កាត់ទឹកថ្លា, ខណ្ឌសែនសុខ, រាជធានីភ្នំពេញ', 'សិត សុខ', 'មាស ផល្លា', 'not', 'not', 'not', 'not', 'not', '7', 'Active', 1, '2025-2026', 'default.png', NULL, NULL, NULL),
(16, 2169, 'S2026016', 'ង៉ែត ស្រីនិច', 'NGET SREYNICH', 'ស្រី', '9/12/2013', 'សង្កាត់ចាក់អង្រែលើ, ខណ្ឌមានជ័យ, រាជធានីភ្នំពេញ', 'សង្កាត់ចាក់អង្រែលើ, ខណ្ឌមានជ័យ, រាជធានីភ្នំពេញ', 'ង៉ែត វណ្ណា', 'ស៊ន សារ៉េត', 'not', 'not', 'not', 'not', 'not', '7', 'Active', 1, '2025-2026', 'default.png', NULL, NULL, NULL),
(17, 2170, 'S2026017', 'ប៊ុន រិទ្ធី', 'BUN RITHY', 'ប្រុស', '1/10/2013', 'សង្កាត់បឹងសាឡាង, ខណ្ឌទួលគោក, រាជធានីភ្នំពេញ', 'សង្កាត់បឹងសាឡាង, ខណ្ឌទួលគោក, រាជធានីភ្នំពេញ', 'ប៊ុន ជឿន', 'សុខ សារ៉ាន', 'not', 'not', 'not', 'not', 'not', '7', 'Active', 1, '2025-2026', 'default.png', NULL, NULL, NULL),
(18, 2171, 'S2026018', 'ហូ ម៉ារីណា', 'HO MARINA', 'ស្រី', '4/30/2013', 'សង្កាត់ផ្សារកណ្ដាល២, ខណ្ឌដូនពេញ, រាជធានីភ្នំពេញ', 'សង្កាត់ផ្សារកណ្ដាល២, ខណ្ឌដូនពេញ, រាជធានីភ្នំពេញ', 'ហូ វ៉ន', 'មាស សុខា', 'not', 'not', 'not', 'not', 'not', '7', 'Active', 1, '2025-2026', 'default.png', NULL, NULL, NULL),
(19, 2172, 'S2026019', 'ហ៊ឹម បញ្ញា', 'HIM PANHA', 'ប្រុស', '8/18/2012', 'សង្កាត់កាកាប១, ខណ្ឌពោធិ៍សែនជ័យ, រាជធានីភ្នំពេញ', 'សង្កាត់កាកាប១, ខណ្ឌពោធិ៍សែនជ័យ, រាជធានីភ្នំពេញ', 'ហ៊ឹម យ៉ាន', 'លី សុភ័ក្រ', 'not', 'not', 'not', 'not', 'not', '7', 'Active', 1, '2025-2026', 'default.png', NULL, NULL, NULL),
(20, 2173, 'S2026020', 'ឃុត សុខា', 'KHUT SOKHA', 'ស្រី', '12/5/2013', 'សង្កាត់រកាខ្ពស់, ក្រុងតាខ្មៅ, ខេត្តកណ្ដាល', 'សង្កាត់បឹងទំពុន១, ខណ្ឌមានជ័យ, រាជធានីភ្នំពេញ', 'ឃុត ជឿន', 'ចាន់ សុផល', 'not', 'not', 'not', 'not', 'not', '7', 'Active', 1, '2025-2026', 'default.png', NULL, NULL, NULL),
(21, 2174, 'S2026021', 'ចាន់ វិចិត្រ', 'CHAN VICHET', 'ប្រុស', '3/15/2013', 'សង្កាត់វាលវង់, ខណ្ឌ៧មករា, រាជធានីភ្នំពេញ', 'សង្កាត់វាលវង់, ខណ្ឌ៧មករា, រាជធានីភ្នំពេញ', 'ចាន់ វិសាល', 'ហ៊ឹម សុភី', 'not', 'not', 'not', 'not', 'not', '7', 'Active', 1, '2025-2026', 'default.png', NULL, NULL, NULL),
(22, 2175, 'S2026022', 'លី សុភ័ក្រ', 'LY SOPHEAK', 'ស្រី', '7/22/2012', 'សង្កាត់អូរឡាំពិក, ខណ្ឌបឹងកេងកង, រាជធានីភ្នំពេញ', 'សង្កាត់អូរឡាំពិក, ខណ្ឌបឹងកេងកង, រាជធានីភ្នំពេញ', 'លី វណ្ណា', 'ស៊ន សារី', 'not', 'not', 'not', 'not', 'not', '7', 'Active', 1, '2025-2026', 'default.png', NULL, NULL, NULL),
(23, 2176, 'S2026023', 'មាស វឌ្ឍនៈ', 'MEAS VATTANAK', 'ប្រុស', '10/10/2013', 'សង្កាត់ផ្សារដើមថ្កូវ, ខណ្ឌចំការមន, រាជធានីភ្នំពេញ', 'សង្កាត់ផ្សារដើមថ្កូវ, ខណ្ឌចំការមន, រាជធានីភ្នំពេញ', 'មាស ម៉ៅ', 'ចាន់ ធារី', 'not', 'not', 'not', 'not', 'not', '7', 'Active', 1, '2025-2026', 'default.png', NULL, NULL, NULL),
(24, 2177, 'S2026024', 'រស់ ចាន់នី', 'ROS CHANNY', 'ស្រី', '5/8/2013', 'សង្កាត់ផ្សារដេប៉ូ៣, ខណ្ឌទួលគោក, រាជធានីភ្នំពេញ', 'សង្កាត់ផ្សារដេប៉ូ៣, ខណ្ឌទួលគោក, រាជធានីភ្នំពេញ', 'រស់ រ៉េត', 'ចាន់ សុផល', 'not', 'not', 'not', 'not', 'not', '7', 'Active', 1, '2025-2026', 'default.png', NULL, NULL, NULL),
(25, 2178, 'S2026025', 'វង្ស សុជាតិ', 'VONG SOCHEAT', 'ប្រុស', '11/25/2010', 'សង្កាត់បឹងរាំង, ខណ្ឌដូនពេញ, រាជធានីភ្នំពេញ', 'សង្កាត់បឹងរាំង, ខណ្ឌដូនពេញ, រាជធានីភ្នំពេញ', 'វង្ស វ៉ា', 'ប៉ែន សុធី', 'not', 'not', 'not', 'not', 'not', '7', 'Active', 1, '2025-2026', 'default.png', NULL, NULL, NULL),
(26, 2179, 'S2026026', 'ឡុង ស្រីនិច', 'LONG SREYNICH', 'ស្រី', '6/12/2014', 'សង្កាត់ទួលសង្កែ១, ខណ្ឌឫស្សីកែវ, រាជធានីភ្នំពេញ', 'សង្កាត់ទួលសង្កែ១, ខណ្ឌឫស្សីកែវ, រាជធានីភ្នំពេញ', 'ឡុង ផល', 'យ៉ន សុផល', 'not', 'not', 'not', 'not', 'not', '7', 'Active', 1, '2025-2026', 'default.png', NULL, NULL, NULL),
(27, 2180, 'S2026027', 'អ៊ិត វណ្ណឌី', 'IT VANNDY', 'ប្រុស', '2/19/2013', 'សង្កាត់គីឡូម៉ែត្រលេខ៦, ខណ្ឌឫស្សីកែវ, រាជធានីភ្នំពេញ', 'សង្កាត់គីឡូម៉ែត្រលេខ៦, ខណ្ឌឫស្សីកែវ, រាជធានីភ្នំពេញ', 'អ៊ិត ហុង', 'សុខ សារ៉ាន', 'not', 'not', 'not', 'not', 'not', '7', 'Active', 1, '2025-2026', 'default.png', NULL, NULL, NULL),
(28, 2181, 'S2026028', 'សុខ ម៉ារីណា', 'SOK MARINA', 'ស្រី', '4/14/2014', 'សង្កាត់ទឹកល្អក់៣, ខណ្ឌទួលគោក, រាជធានីភ្នំពេញ', 'សង្កាត់ទឹកល្អក់៣, ខណ្ឌទួលគោក, រាជធានីភ្នំពេញ', 'សុខ ហេង', 'មាស ផល្លា', 'not', 'not', 'not', 'not', 'not', '7', 'Active', 1, '2025-2026', 'default.png', NULL, NULL, NULL),
(29, 2182, 'S2026029', 'យ៉ាន បញ្ញា', 'YAN PANHA', 'ប្រុស', '8/30/2013', 'សង្កាត់បឹងកេងកង១, ខណ្ឌបឹងកេងកង, រាជធានីភ្នំពេញ', 'សង្កាត់បឹងកេងកង១, ខណ្ឌបឹងកេងកង, រាជធានីភ្នំពេញ', 'យ៉ាន ហ៊ាន', 'ចាន់ សុខា', 'not', 'not', 'not', 'not', 'not', '7', 'Active', 1, '2025-2026', 'default.png', NULL, NULL, NULL),
(30, 2183, 'S2026030', 'ហេង សុខហេង', 'HENG SOKHENG', 'ប្រុស', '10/5/2013', 'សង្កាត់ចតុមុខ, ខណ្ឌដូនពេញ, រាជធានីភ្នំពេញ', 'សង្កាត់ចតុមុខ, ខណ្ឌដូនពេញ, រាជធានីភ្នំពេញ', 'ហេង ផល', 'ស្រី មុំ', 'not', 'not', 'not', 'not', 'not', '7', 'Active', 1, '2025-2026', 'default.png', 'S2026030_1770111645.jpg', NULL, NULL),
(31, 2184, 'S2026031', 'លី ម៉ារីណា', 'LY MARINA', 'ស្រី', '1/10/2012', 'សង្កាត់បឹងព្រលឹត, ខណ្ឌ៧មករា, រាជធានីភ្នំពេញ', 'សង្កាត់បឹងព្រលឹត, ខណ្ឌ៧មករា, រាជធានីភ្នំពេញ', 'លី វណ្ណា', 'គឹម ស៊ាង', 'not', 'not', 'not', 'not', 'not', '8', 'Active', 2, '2025-2026', 'default.png', NULL, NULL, NULL),
(32, 2185, 'S2026032', 'ជា វិសាល', 'CHEA VISAL', 'ប្រុស', '2/15/2012', 'សង្កាត់ផ្សារថ្មី៣, ខណ្ឌដូនពេញ, រាជធានីភ្នំពេញ', 'សង្កាត់ផ្សារថ្មី៣, ខណ្ឌដូនពេញ, រាជធានីភ្នំពេញ', 'ជា ហ៊ាន', 'រស់ ផល្លី', 'not', 'not', 'not', 'not', 'not', '8', 'Active', 2, '2025-2026', 'default.png', NULL, NULL, NULL),
(33, 2186, 'S2026033', 'នួន សំណាង', 'NUON SAMNANG', 'ប្រុស', '3/20/2012', 'សង្កាត់ស្ទឹងមានជ័យ, ខណ្ឌមានជ័យ, រាជធានីភ្នំពេញ', 'សង្កាត់ស្ទឹងមានជ័យ, ខណ្ឌមានជ័យ, រាជធានីភ្នំពេញ', 'នួន នី', 'ចាន់ សុផល', 'not', 'not', 'not', 'not', 'not', '8', 'Active', 2, '2025-2026', 'default.png', NULL, NULL, NULL),
(34, 2187, 'S2026034', 'សោម វិចិត្រ', 'SOM VICHTRA', 'ប្រុស', '4/5/2012', 'សង្កាត់ចាក់អង្រែលើ, ខណ្ឌមានជ័យ, រាជធានីភ្នំពេញ', 'សង្កាត់ចាក់អង្រែលើ, ខណ្ឌមានជ័យ, រាជធានីភ្នំពេញ', 'សោម សារ៉ន', 'លី ផានិត', 'not', 'not', 'not', 'not', 'not', '8', 'Active', 2, '2025-2026', 'default.png', NULL, NULL, NULL),
(35, 2188, 'S2026035', 'រស់ ស្រីពេជ្រ', 'ROS SREY PICH', 'ស្រី', '5/12/2012', 'សង្កាត់ភ្នំពេញថ្មី, ខណ្ឌសែនសុខ, រាជធានីភ្នំពេញ', 'សង្កាត់ភ្នំពេញថ្មី, ខណ្ឌសែនសុខ, រាជធានីភ្នំពេញ', 'រស់ រ៉េត', 'សោម សុខី', 'not', 'not', 'not', 'not', 'not', '8', 'Active', 2, '2025-2026', 'default.png', NULL, NULL, NULL),
(36, 2189, 'S2026036', 'គឹម សុធារ៉ា', 'KIM SOTHEARA', 'ស្រី', '6/25/2012', 'សង្កាត់បឹងទំពុន, ខណ្ឌមានជ័យ, រាជធានីភ្នំពេញ', 'សង្កាត់អូរឡាំពិក, ខណ្ឌបឹងកេងកង, រាជធានីភ្នំពេញ', 'គឹម សុផល', 'ស៊ន សារី', 'not', 'not', 'not', 'not', 'not', '8', 'Active', 2, '2025-2026', 'default.png', NULL, NULL, NULL),
(37, 2190, 'S2026037', 'ផាន សុបញ្ញា', 'PHAN SOPANHA', 'ប្រុស', '7/14/2012', 'សង្កាត់ទួលសង្កែ, ខណ្ឌឫស្សីកែវ, រាជធានីភ្នំពេញ', 'សង្កាត់ទួលសង្កែ, ខណ្ឌឫស្សីកែវ, រាជធានីភ្នំពេញ', 'ផាន ឡាយ', 'ឈាន ស៊ីណេត', 'not', 'not', 'not', 'not', 'not', '8', 'Active', 2, '2025-2026', 'default.png', NULL, NULL, NULL),
(38, 2191, 'S2026038', 'ឡាំ វណ្ណៈ', 'LAM VANNAK', 'ប្រុស', '8/30/2012', 'សង្កាត់ច្បារអំពៅ១, ខណ្ឌច្បារអំពៅ, រាជធានីភ្នំពេញ', 'សង្កាត់ច្បារអំពៅ១, ខណ្ឌច្បារអំពៅ, រាជធានីភ្នំពេញ', 'ឡាំ ហួរ', 'ម៉ៅ សុផាត', 'not', 'not', 'not', 'not', 'not', '8', 'Active', 2, '2025-2026', 'default.png', NULL, NULL, NULL),
(39, 2192, 'S2026039', 'ថន សុគន្ធា', 'THORN SOKUNTHEA', 'ស្រី', '9/18/2012', 'សង្កាត់អូរឡាំពិក, ខណ្ឌបឹងកេងកង, រាជធានីភ្នំពេញ', 'សង្កាត់អូរឡាំពិក, ខណ្ឌបឹងកេងកង, រាជធានីភ្នំពេញ', 'ថន វណ្ណា', 'សរ សុភី', 'not', 'not', 'not', 'not', 'not', '8', 'Active', 2, '2025-2026', 'default.png', NULL, NULL, NULL),
(40, 2193, 'S2026040', 'ម៉ៅ វិរៈ', 'MAO VIRAK', 'ប្រុស', '10/5/2012', 'សង្កាត់ចោមចៅ, ខណ្ឌពោធិ៍សែនជ័យ, រាជធានីភ្នំពេញ', 'សង្កាត់ចោមចៅ, ខណ្ឌពោធិ៍សែនជ័យ, រាជធានីភ្នំពេញ', 'ម៉ៅ វឿន', 'ចាន់ ណារី', 'not', 'not', 'not', 'not', 'not', '8', 'Active', 2, '2025-2026', 'default.png', NULL, NULL, NULL),
(41, 2194, 'S2026041', 'ហ៊ាន សុខជា', 'HEAN SOKCHEA', 'ស្រី', '11/22/2012', 'សង្កាត់គោកឃ្លាង, ខណ្ឌសែនសុខ, រាជធានីភ្នំពេញ', 'សង្កាត់គោកឃ្លាង, ខណ្ឌសែនសុខ, រាជធានីភ្នំពេញ', 'ហ៊ាន រ៉េត', 'សោម ស្រីមុំ', 'not', 'not', 'not', 'not', 'not', '8', 'Active', 2, '2025-2026', 'default.png', NULL, NULL, NULL),
(42, 2195, 'S2026042', 'ឡុង បញ្ញា', 'LONG PANHA', 'ប្រុស', '12/8/2012', 'សង្កាត់ផ្សារថ្មី១, ខណ្ឌដូនពេញ, រាជធានីភ្នំពេញ', 'សង្កាត់ផ្សារថ្មី១, ខណ្ឌដូនពេញ, រាជធានីភ្នំពេញ', 'ឡុង ផល', 'ស្រី មុំ', 'not', 'not', 'not', 'not', 'not', '8', 'Active', 2, '2025-2026', 'default.png', NULL, NULL, NULL),
(43, 2196, 'S2026043', 'ស៊ន សុខហេង', 'SORN SOKHENG', 'ប្រុស', '1/14/2012', 'សង្កាត់បឹងរាំង, ខណ្ឌដូនពេញ, រាជធានីភ្នំពេញ', 'សង្កាត់បឹងរាំង, ខណ្ឌដូនពេញ, រាជធានីភ្នំពេញ', 'ស៊ន ជា', 'មាស ផានិត', 'not', 'not', 'not', 'not', 'not', '8', 'Active', 2, '2025-2026', 'default.png', NULL, NULL, NULL),
(44, 2197, 'S2026044', 'ញ៉ែម ស្រីឡែន', 'NYEM SREYLEN', 'ស្រី', '2/28/2012', 'សង្កាត់ទួលទំពូង១, ខណ្ឌចំការមន, រាជធានីភ្នំពេញ', 'សង្កាត់បឹងទំពុន, ខណ្ឌមានជ័យ, រាជធានីភ្នំពេញ', 'ញ៉ែម សេង', 'សួស សុភី', 'not', 'not', 'not', 'not', 'not', '8', 'Active', 2, '2025-2026', 'default.png', NULL, NULL, NULL),
(45, 2198, 'S2026045', 'សិត វិបុល', 'SIT VIBOL', 'ប្រុស', '3/12/2012', 'សង្កាត់ទឹកថ្លា, ខណ្ឌសែនសុខ, រាជធានីភ្នំពេញ', 'សង្កាត់ទឹកថ្លា, ខណ្ឌសែនសុខ, រាជធានីភ្នំពេញ', 'សិត សុខ', 'មាស ផល្លា', 'not', 'not', 'not', 'not', 'not', '8', 'Active', 2, '2025-2026', 'default.png', NULL, NULL, NULL),
(46, 2199, 'S2026046', 'ង៉ែត ម៉ារី', 'NGET MARY', 'ស្រី', '4/19/2012', 'សង្កាត់ចាក់អង្រែលើ, ខណ្ឌមានជ័យ, រាជធានីភ្នំពេញ', 'សង្កាត់ចាក់អង្រែលើ, ខណ្ឌមានជ័យ, រាជធានីភ្នំពេញ', 'ង៉ែត វណ្ណា', 'ស៊ន សារ៉េត', 'not', 'not', 'not', 'not', 'not', '8', 'Active', 2, '2025-2026', 'default.png', NULL, NULL, NULL),
(47, 2200, 'S2026047', 'ប៊ុន សុភី', 'BUN SOPHY', 'ស្រី', '5/4/2012', 'សង្កាត់បឹងសាឡាង, ខណ្ឌទួលគោក, រាជធានីភ្នំពេញ', 'សង្កាត់បឹងសាឡាង, ខណ្ឌទួលគោក, រាជធានីភ្នំពេញ', 'ប៊ុន ជឿន', 'សុខ សារ៉ាន', 'not', 'not', 'not', 'not', 'not', '8', 'Active', 2, '2025-2026', 'default.png', NULL, NULL, NULL),
(48, 2201, 'S2026048', 'ហូ វណ្ណឌី', 'HO VANNDY', 'ប្រុស', '6/11/2012', 'សង្កាត់ផ្សារកណ្ដាល២, ខណ្ឌដូនពេញ, រាជធានីភ្នំពេញ', 'សង្កាត់ផ្សារកណ្ដាល២, ខណ្ឌដូនពេញ, រាជធានីភ្នំពេញ', 'ហូ វ៉ន', 'មាស សុខា', 'not', 'not', 'not', 'not', 'not', '8', 'Active', 2, '2025-2026', 'default.png', NULL, NULL, NULL),
(49, 2202, 'S2026049', 'ហ៊ឹម ស្រីនាង', 'HIM SREYNEANG', 'ស្រី', '7/30/2012', 'សង្កាត់កាកាប២, ខណ្ឌពោធិ៍សែនជ័យ, រាជធានីភ្នំពេញ', 'សង្កាត់កាកាប២, ខណ្ឌពោធិ៍សែនជ័យ, រាជធានីភ្នំពេញ', 'ហ៊ឹម យ៉ាន', 'លី សុភ័ក្រ', 'not', 'not', 'not', 'not', 'not', '8', 'Active', 2, '2025-2026', 'default.png', NULL, NULL, NULL),
(50, 2203, 'S2026050', 'ឃុត ចាន់នី', 'KHUT CHANNY', 'ស្រី', '8/15/2012', 'សង្កាត់រកាខ្ពស់, ក្រុងតាខ្មៅ, ខេត្តកណ្ដាល', 'សង្កាត់បឹងទំពុន២, ខណ្ឌមានជ័យ, រាជធានីភ្នំពេញ', 'ឃុត ជឿន', 'ចាន់ សុផល', 'not', 'not', 'not', 'not', 'not', '8', 'Active', 2, '2025-2026', 'default.png', NULL, NULL, NULL),
(51, 2204, 'S2026051', 'សុខ សុភ័ក្ត្រ', 'SOK SOPHEAK', 'ស្រី', '9/2/2012', 'សង្កាត់បឹងកេងកង២, ខណ្ឌបឹងកេងកង, រាជធានីភ្នំពេញ', 'សង្កាត់បឹងកេងកង២, ខណ្ឌបឹងកេងកង, រាជធានីភ្នំពេញ', 'សុខ សារិទ្ធ', 'មាស ផល្លា', 'not', 'not', 'not', 'not', 'not', '8', 'Active', 2, '2025-2026', 'default.png', NULL, NULL, NULL),
(52, 2205, 'S2026052', 'ចាន់ វិសាល', 'CHAN VISAL', 'ប្រុស', '10/18/2012', 'សង្កាត់វាលវង់, ខណ្ឌ៧មករា, រាជធានីភ្នំពេញ', 'សង្កាត់វាលវង់, ខណ្ឌ៧មករា, រាជធានីភ្នំពេញ', 'ចាន់ វិចិត្រ', 'ហ៊ឹម សុភី', 'not', 'not', 'not', 'not', 'not', '8', 'Active', 2, '2025-2026', 'default.png', NULL, NULL, NULL),
(53, 2206, 'S2026053', 'ហេង បូរ៉ា', 'HENG BORA', 'ប្រុស', '11/4/2012', 'សង្កាត់ទួលទំពូង២, ខណ្ឌចំការមន, រាជធានីភ្នំពេញ', 'សង្កាត់ទួលទំពូង២, ខណ្ឌចំការមន, រាជធានីភ្នំពេញ', 'ហេង ឡុង', 'សោម សុខី', 'not', 'not', 'not', 'not', 'not', '8', 'Active', 2, '2025-2026', 'default.png', NULL, NULL, NULL),
(54, 2207, 'S2026054', 'លី សុផាត', 'LY SOPHAT', 'ប្រុស', '12/29/2012', 'សង្កាត់អូរឡាំពិក, ខណ្ឌបឹងកេងកង, រាជធានីភ្នំពេញ', 'សង្កាត់អូរឡាំពិក, ខណ្ឌបឹងកេងកង, រាជធានីភ្នំពេញ', 'លី វណ្ណា', 'ស៊ន សារី', 'not', 'not', 'not', 'not', 'not', '8', 'Active', 2, '2025-2026', 'default.png', NULL, NULL, NULL),
(55, 2208, 'S2026055', 'មាស ស្រីរ័ត្ន', 'MEAS SREYROTH', 'ស្រី', '1/8/2012', 'សង្កាត់ផ្សារដើមថ្កូវ, ខណ្ឌចំការមន, រាជធានីភ្នំពេញ', 'សង្កាត់ផ្សារដើមថ្កូវ, ខណ្ឌចំការមន, រាជធានីភ្នំពេញ', 'មាស ម៉ៅ', 'ចាន់ ធារី', 'not', 'not', 'not', 'not', 'not', '8', 'Active', 2, '2025-2026', 'default.png', NULL, NULL, NULL),
(56, 2209, 'S2026056', 'ម៉ៅ សំណាង', 'MAO SAMNANG', 'ប្រុស', '2/14/2012', 'សង្កាត់បឹងព្រលឹត, ខណ្ឌ៧មករា, រាជធានីភ្នំពេញ', 'សង្កាត់បឹងព្រលឹត, ខណ្ឌ៧មករា, រាជធានីភ្នំពេញ', 'ម៉ៅ សំ', 'លី សារ៉េត', 'not', 'not', 'not', 'not', 'not', '8', 'Active', 2, '2025-2026', 'default.png', NULL, NULL, NULL),
(57, 2210, 'S2026057', 'រស់ បញ្ញា', 'ROS PANHA', 'ប្រុស', '3/22/2012', 'សង្កាត់ផ្សារដេប៉ូ៣, ខណ្ឌទួលគោក, រាជធានីភ្នំពេញ', 'សង្កាត់ផ្សារដេប៉ូ៣, ខណ្ឌទួលគោក, រាជធានីភ្នំពេញ', 'រស់ រ៉េត', 'ចាន់ សុផល', 'not', 'not', 'not', 'not', 'not', '8', 'Active', 2, '2025-2026', 'default.png', NULL, NULL, NULL),
(58, 2211, 'S2026058', 'វង្ស សុជាតិ', 'VONG SOCHEAT', 'ប្រុស', '4/30/2012', 'សង្កាត់បឹងរាំង, ខណ្ឌដូនពេញ, រាជធានីភ្នំពេញ', 'សង្កាត់បឹងរាំង, ខណ្ឌដូនពេញ, រាជធានីភ្នំពេញ', 'វង្ស វ៉ា', 'ប៉ែន សុធី', 'not', 'not', 'not', 'not', 'not', '8', 'Active', 2, '2025-2026', 'default.png', NULL, NULL, NULL),
(59, 2212, 'S2026059', 'ឡុង ស្រីនិច', 'LONG SREYNICH', 'ស្រី', '5/15/2012', 'សង្កាត់ទួលសង្កែ២, ខណ្ឌឫស្សីកែវ, រាជធានីភ្នំពេញ', 'សង្កាត់ទួលសង្កែ២, ខណ្ឌឫស្សីកែវ, រាជធានីភ្នំពេញ', 'ឡុង ផល', 'យ៉ន សុផល', 'not', 'not', 'not', 'not', 'not', '8', 'Active', 2, '2025-2026', 'default.png', NULL, NULL, NULL),
(60, 2213, 'S2026060', 'អ៊ិត វណ្ណៈ', 'IT VANNAK', 'ប្រុស', '6/21/2012', 'សង្កាត់គីឡូម៉ែត្រលេខ៦, ខណ្ឌឫស្សីកែវ, រាជធានីភ្នំពេញ', 'សង្កាត់គីឡូម៉ែត្រលេខ៦, ខណ្ឌឫស្សីកែវ, រាជធានីភ្នំពេញ', 'អ៊ិត ហុង', 'សុខ សារ៉ាន', 'not', 'not', 'not', 'not', 'not', '8', 'Active', 2, '2025-2026', 'default.png', NULL, NULL, NULL),
(61, 2214, 'S2026061', 'សាន វិសាល', 'SAN VISAL', 'ប្រុស', '2/14/2011', 'សង្កាត់បឹងព្រលឹត, ខណ្ឌ៧មករា, រាជធានីភ្នំពេញ', 'សង្កាត់បឹងព្រលឹត, ខណ្ឌ៧មករា, រាជធានីភ្នំពេញ', 'សាន បូ', 'លី សុភ័ក្រ', 'ss', 'not', 'not', 'not', 'not', '9', 'Active', 3, '2025-2026', 'default.png', NULL, NULL, NULL),
(62, 2215, 'S2026062', 'អ៊ុន ស្រីឡែន', 'UN SREYLEN', 'ស្រី', '5/20/2011', 'សង្កាត់ផ្សារថ្មី៣, ខណ្ឌដូនពេញ, រាជធានីភ្នំពេញ', 'សង្កាត់ផ្សារថ្មី៣, ខណ្ឌដូនពេញ, រាជធានីភ្នំពេញ', 'អ៊ុន សុខ', 'ចាន់ ណារី', 'ss', 'not', 'not', 'not', 'not', '9', 'Active', 3, '2025-2026', 'default.png', NULL, NULL, NULL),
(63, 2216, 'S2026063', 'ជា បញ្ញា', 'CHEA PANHA', 'ប្រុស', '9/5/2011', 'សង្កាត់ស្ទឹងមានជ័យ១, ខណ្ឌមានជ័យ, រាជធានីភ្នំពេញ', 'សង្កាត់ស្ទឹងមានជ័យ១, ខណ្ឌមានជ័យ, រាជធានីភ្នំពេញ', 'ជា ហ៊ាន', 'រស់ ផល្លី', 'ss', 'not', 'not', 'not', 'not', '9', 'Active', 3, '2025-2026', 'default.png', NULL, NULL, NULL),
(64, 2217, 'S2026064', 'លឹម ម៉ារីណា', 'LIM MARINA', 'ស្រី', '11/12/2011', 'សង្កាត់ចាក់អង្រែលើ, ខណ្ឌមានជ័យ, រាជធានីភ្នំពេញ', 'សង្កាត់ចាក់អង្រែលើ, ខណ្ឌមានជ័យ, រាជធានីភ្នំពេញ', 'លឹម ឡាយ', 'យ៉ន សុផល', 'ss', 'not', 'not', 'not', 'not', '9', 'Active', 3, '2025-2026', 'default.png', NULL, NULL, NULL),
(65, 2218, 'S2026065', 'រស់ វឌ្ឍនៈ', 'ROS VATTANAK', 'ប្រុស', '3/22/2011', 'សង្កាត់ភ្នំពេញថ្មី, ខណ្ឌសែនសុខ, រាជធានីភ្នំពេញ', 'សង្កាត់ភ្នំពេញថ្មី, ខណ្ឌសែនសុខ, រាជធានីភ្នំពេញ', 'រស់ រ៉េត', 'សោម សុខី', 'ss', 'not', 'not', 'not', 'not', '9', 'Active', 3, '2025-2026', 'default.png', NULL, NULL, NULL),
(66, 2219, 'S2026066', 'គឹម សុភ័ក្រ', 'KIM SOPHEAK', 'ស្រី', '7/8/2011', 'សង្កាត់បឹងទំពុន១, ខណ្ឌមានជ័យ, រាជធានីភ្នំពេញ', 'សង្កាត់បឹងទំពុន១, ខណ្ឌមានជ័យ, រាជធានីភ្នំពេញ', 'គឹម សុផល', 'ស៊ន សារី', 'ss', 'not', 'not', 'not', 'not', '9', 'Active', 3, '2025-2026', 'default.png', NULL, NULL, NULL),
(67, 2220, 'S2026067', 'ផាន វិបុល', 'PHAN VIBOL', 'ប្រុស', '12/10/2011', 'សង្កាត់ទួលសង្កែ២, ខណ្ឌឫស្សីកែវ, រាជធានីភ្នំពេញ', 'សង្កាត់ទួលសង្កែ២, ខណ្ឌឫស្សីកែវ, រាជធានីភ្នំពេញ', 'ផាន ឡាយ', 'ឈាន ស៊ីណេត', 'ss', 'not', 'not', 'not', 'not', '9', 'Active', 3, '2025-2026', 'default.png', NULL, NULL, NULL),
(68, 2221, 'S2026068', 'ឡាំ ស្រីនិច', 'LAM SREYNICH', 'ស្រី', '1/30/2011', 'សង្កាត់ច្បារអំពៅ១, ខណ្ឌច្បារអំពៅ, រាជធានីភ្នំពេញ', 'សង្កាត់ច្បារអំពៅ១, ខណ្ឌច្បារអំពៅ, រាជធានីភ្នំពេញ', 'ឡាំ ហួរ', 'ម៉ៅ សុផាត', 'ss', 'not', 'not', 'not', 'not', '9', 'Active', 3, '2025-2026', 'default.png', NULL, NULL, NULL),
(69, 2222, 'S2026069', 'ថន សំណាង', 'THORN SAMNANG', 'ប្រុស', '6/18/2011', 'សង្កាត់អូរឡាំពិក, ខណ្ឌបឹងកេងកង, រាជធានីភ្នំពេញ', 'សង្កាត់អូរឡាំពិក, ខណ្ឌបឹងកេងកង, រាជធានីភ្នំពេញ', 'ថន វណ្ណា', 'សរ សុភី', 'ss', 'not', 'not', 'not', 'not', '9', 'Active', 3, '2025-2026', 'default.png', NULL, NULL, NULL),
(70, 2223, 'S2026070', 'ម៉ៅ ម៉ារីយ៉ា', 'MAO MARYA', 'ស្រី', '10/2/2011', 'សង្កាត់ចោមចៅ៣, ខណ្ឌពោធិ៍សែនជ័យ, រាជធានីភ្នំពេញ', 'សង្កាត់ចោមចៅ៣, ខណ្ឌពោធិ៍សែនជ័យ, រាជធានីភ្នំពេញ', 'ម៉ៅ វឿន', 'ចាន់ ណារី', 'ss', 'not', 'not', 'not', 'not', '9', 'Active', 3, '2025-2026', 'default.png', NULL, NULL, NULL),
(71, 2224, 'S2026071', 'ហ៊ាន វិចិត្រ', 'HEAN VICHET', 'ប្រុស', '4/12/2011', 'សង្កាត់គោកឃ្លាង, ខណ្ឌសែនសុខ, រាជធានីភ្នំពេញ', 'សង្កាត់គោកឃ្លាង, ខណ្ឌសែនសុខ, រាជធានីភ្នំពេញ', 'ហ៊ាន រ៉េត', 'សោម ស្រីមុំ', 'ss', 'not', 'not', 'not', 'not', '9', 'Active', 3, '2025-2026', 'default.png', NULL, NULL, NULL),
(72, 2225, 'S2026072', 'ឡុង ចាន់នី', 'LONG CHANNY', 'ស្រី', '8/25/2011', 'សង្កាត់ផ្សារថ្មី២, ខណ្ឌដូនពេញ, រាជធានីភ្នំពេញ', 'សង្កាត់ផ្សារថ្មី២, ខណ្ឌដូនពេញ, រាជធានីភ្នំពេញ', 'ឡុង ផល', 'ស្រី មុំ', 'ss', 'not', 'not', 'not', 'not', '9', 'Active', 3, '2025-2026', 'default.png', NULL, NULL, NULL),
(73, 2226, 'S2026073', 'ស៊ន មករា', 'SORN MAKARA', 'ប្រុស', '2/14/2011', 'សង្កាត់បឹងរាំង, ខណ្ឌដូនពេញ, រាជធានីភ្នំពេញ', 'សង្កាត់បឹងរាំង, ខណ្ឌដូនពេញ, រាជធានីភ្នំពេញ', 'ស៊ន ជា', 'មាស ផានិត', 'ss', 'not', 'not', 'not', 'not', '9', 'Active', 3, '2025-2026', 'default.png', NULL, NULL, NULL),
(74, 2227, 'S2026074', 'ម៉ែន ស្រីពេជ្រ', 'MEN SREY PICH', 'ស្រី', '11/20/2011', 'សង្កាត់វាលវង់, ខណ្ឌ៧មករា, រាជធានីភ្នំពេញ', 'សង្កាត់វាលវង់, ខណ្ឌ៧មករា, រាជធានីភ្នំពេញ', 'ម៉ែន សំ', 'លី សារ៉េត', 'ss', 'not', 'not', 'not', 'not', '9', 'Active', 3, '2025-2026', 'default.png', NULL, NULL, NULL),
(75, 2228, 'S2026075', 'សិត វណ្ណៈ', 'SIT VANNAK', 'ប្រុស', '6/5/2011', 'សង្កាត់ទឹកថ្លា, ខណ្ឌសែនសុខ, រាជធានីភ្នំពេញ', 'សង្កាត់ទឹកថ្លា, ខណ្ឌសែនសុខ, រាជធានីភ្នំពេញ', 'សិត សុខ', 'មាស ផល្លា', 'ss', 'not', 'not', 'not', 'not', '9', 'Active', 3, '2025-2026', 'default.png', NULL, NULL, NULL),
(76, 2229, 'S2026076', 'ង៉ែត ម៉ារីណា', 'NGET MARINA', 'ស្រី', '9/12/2011', 'សង្កាត់ចាក់អង្រែលើ, ខណ្ឌមានជ័យ, រាជធានីភ្នំពេញ', 'សង្កាត់ចាក់អង្រែលើ, ខណ្ឌមានជ័យ, រាជធានីភ្នំពេញ', 'ង៉ែត វណ្ណា', 'ស៊ន សារ៉េត', 'ss', 'not', 'not', 'not', 'not', '9', 'Active', 3, '2025-2026', 'default.png', NULL, NULL, NULL),
(77, 2230, 'S2026077', 'ប៊ុន សុជាតិ', 'BUN SOCHEAT', 'ប្រុស', '1/10/2011', 'សង្កាត់បឹងសាឡាង, ខណ្ឌទួលគោក, រាជធានីភ្នំពេញ', 'សង្កាត់បឹងសាឡាង, ខណ្ឌទួលគោក, រាជធានីភ្នំពេញ', 'ប៊ុន ជឿន', 'សុខ សារ៉ាន', 'ss', 'not', 'not', 'not', 'not', '9', 'Active', 3, '2025-2026', 'default.png', NULL, NULL, NULL),
(78, 2231, 'S2026078', 'ហូ ស្រីនា', 'HO SREYNEA', 'ស្រី', '4/30/2011', 'សង្កាត់ផ្សារកណ្ដាល២, ខណ្ឌដូនពេញ, រាជធានីភ្នំពេញ', 'សង្កាត់ផ្សារកណ្ដាល២, ខណ្ឌដូនពេញ, រាជធានីភ្នំពេញ', 'ហូ វ៉ន', 'មាស សុខា', 'ss', 'not', 'not', 'not', 'not', '9', 'Active', 3, '2025-2026', 'default.png', NULL, NULL, NULL),
(79, 2232, 'S2026079', 'ហ៊ឹម រតនា', 'HIM RATANA', 'ប្រុស', '8/18/2011', 'សង្កាត់កាកាប១, ខណ្ឌពោធិ៍សែនជ័យ, រាជធានីភ្នំពេញ', 'សង្កាត់កាកាប១, ខណ្ឌពោធិ៍សែនជ័យ, រាជធានីភ្នំពេញ', 'ហ៊ឹម យ៉ាន', 'លី សុភ័ក្រ', 'ss', 'not', 'not', 'not', 'not', '9', 'Active', 3, '2025-2026', 'default.png', NULL, NULL, NULL),
(80, 2233, 'S2026080', 'ឃុត ម៉ារី', 'KHUT MARY', 'ស្រី', '12/5/2011', 'សង្កាត់បឹងទំពុន២, ខណ្ឌមានជ័យ, រាជធានីភ្នំពេញ', 'សង្កាត់បឹងទំពុន២, ខណ្ឌមានជ័យ, រាជធានីភ្នំពេញ', 'ឃុត ជឿន', 'ចាន់ សុផល', 'ss', 'not', 'not', 'not', 'not', '9', 'Active', 3, '2025-2026', 'default.png', NULL, NULL, NULL),
(81, 2234, 'S2026081', 'ចាន់ វិសាល', 'CHAN VISAL', 'ប្រុស', '3/15/2011', 'សង្កាត់វាលវង់, ខណ្ឌ៧មករា, រាជធានីភ្នំពេញ', 'សង្កាត់វាលវង់, ខណ្ឌ៧មករា, រាជធានីភ្នំពេញ', 'ចាន់ វិចិត្រ', 'ហ៊ឹម សុភី', 'ss', 'not', 'not', 'not', 'not', '9', 'Active', 3, '2025-2026', 'default.png', NULL, NULL, NULL),
(82, 2235, 'S2026082', 'លី ស្រីឡែន', 'LY SREYLEN', 'ស្រី', '7/22/2011', 'សង្កាត់អូរឡាំពិក, ខណ្ឌបឹងកេងកង, រាជធានីភ្នំពេញ', 'សង្កាត់អូរឡាំពិក, ខណ្ឌបឹងកេងកង, រាជធានីភ្នំពេញ', 'លី វណ្ណា', 'ស៊ន សារី', 'ss', 'not', 'not', 'not', 'not', '9', 'Active', 3, '2025-2026', 'default.png', NULL, NULL, NULL),
(83, 2236, 'S2026083', 'មាស បញ្ញា', 'MEAS PANHA', 'ប្រុស', '10/10/2011', 'សង្កាត់ផ្សារដើមថ្កូវ, ខណ្ឌចំការមន, រាជធានីភ្នំពេញ', 'សង្កាត់ផ្សារដើមថ្កូវ, ខណ្ឌចំការមន, រាជធានីភ្នំពេញ', 'មាស ម៉ៅ', 'ចាន់ ធារី', 'ss', 'not', 'not', 'not', 'not', '9', 'Active', 3, '2025-2026', 'default.png', NULL, NULL, NULL),
(84, 2237, 'S2026084', 'រស់ ស្រីនិច', 'ROS SREYNICH', 'ស្រី', '5/8/2011', 'សង្កាត់ផ្សារដេប៉ូ៣, ខណ្ឌទួលគោក, រាជធានីភ្នំពេញ', 'សង្កាត់ផ្សារដេប៉ូ៣, ខណ្ឌទួលគោក, រាជធានីភ្នំពេញ', 'រស់ រ៉េត', 'ចាន់ សុផល', 'ss', 'not', 'not', 'not', 'not', '9', 'Active', 3, '2025-2026', 'default.png', NULL, NULL, NULL),
(85, 2238, 'S2026085', 'វង្ស វីរៈ', 'VONG VIRAK', 'ប្រុស', '11/25/2011', 'សង្កាត់បឹងរាំង, ខណ្ឌដូនពេញ, រាជធានីភ្នំពេញ', 'សង្កាត់បឹងរាំង, ខណ្ឌដូនពេញ, រាជធានីភ្នំពេញ', 'វង្ស វ៉ា', 'ប៉ែន សុធី', 'ss', 'not', 'not', 'not', 'not', '9', 'Active', 3, '2025-2026', 'default.png', NULL, NULL, NULL),
(86, 2239, 'S2026086', 'ឡុង ម៉ារីណា', 'LONG MARINA', 'ស្រី', '6/12/2011', 'សង្កាត់ទួលសង្កែ១, ខណ្ឌឫស្សីកែវ, រាជធានីភ្នំពេញ', 'សង្កាត់ទួលសង្កែ១, ខណ្ឌឫស្សីកែវ, រាជធានីភ្នំពេញ', 'ឡុង ផល', 'យ៉ន សុផល', 'ss', 'not', 'not', 'not', 'not', '9', 'Active', 3, '2025-2026', 'default.png', NULL, NULL, NULL),
(87, 2240, 'S2026087', 'អ៊ិត វិបុល', 'IT VIBOL', 'ប្រុស', '2/19/2011', 'សង្កាត់គីឡូម៉ែត្រលេខ៦, ខណ្ឌឫស្សីកែវ, រាជធានីភ្នំពេញ', 'សង្កាត់គីឡូម៉ែត្រលេខ៦, ខណ្ឌឫស្សីកែវ, រាជធានីភ្នំពេញ', 'អ៊ិត ហុង', 'សុខ សារ៉ាន', 'ss', 'not', 'not', 'not', 'not', '9', 'Active', 3, '2025-2026', 'default.png', NULL, NULL, NULL),
(88, 2241, 'S2026088', 'សុខ ចាន់នី', 'SOK CHANNY', 'ស្រី', '4/14/2011', 'សង្កាត់ទឹកល្អក់៣, ខណ្ឌទួលគោក, រាជធានីភ្នំពេញ', 'សង្កាត់ទឹកល្អក់៣, ខណ្ឌទួលគោក, រាជធានីភ្នំពេញ', 'សុខ ហេង', 'មាស ផល្លា', 'ss', 'not', 'not', 'not', 'not', '9', 'Active', 3, '2025-2026', 'default.png', NULL, NULL, NULL),
(89, 2242, 'S2026089', 'យ៉ាន វណ្ណៈ', 'YAN VANNAK', 'ប្រុស', '8/30/2011', 'សង្កាត់បឹងកេងកង១, ខណ្ឌបឹងកេងកង, រាជធានីភ្នំពេញ', 'សង្កាត់បឹងកេងកង១, ខណ្ឌបឹងកេងកង, រាជធានីភ្នំពេញ', 'យ៉ាន ហ៊ាន', 'ចាន់ សុខា', 'ss', 'not', 'not', 'not', 'not', '9', 'Active', 3, '2025-2026', 'default.png', NULL, NULL, NULL),
(90, 2243, 'S2026090', 'ហេង ស្រីលីស', 'HENG SREYLYS', 'ស្រី', '10/5/2011', 'សង្កាត់ចតុមុខ, ខណ្ឌដូនពេញ, រាជធានីភ្នំពេញ', 'សង្កាត់ចតុមុខ, ខណ្ឌដូនពេញ, រាជធានីភ្នំពេញ', 'ហេង ផល', 'ស្រី មុំ', 'ss', 'not', 'not', 'not', 'not', '9', 'Active', 3, '2025-2026', 'default.png', NULL, NULL, NULL),
(91, 2244, 'S2026091', 'ថុល វិបុល', 'THOL VIBOL', 'ប្រុស', '2/12/2009', 'សង្កាត់បឹងព្រលឹត, ខណ្ឌ៧មករា, រាជធានីភ្នំពេញ', 'សង្កាត់បឹងព្រលឹត, ខណ្ឌ៧មករា, រាជធានីភ្នំពេញ', 'ថុល ហេង', 'ស៊ន សារី', 'not', 'not', 'not', 'not', 'not', '10', 'Active', 4, '2025-2026', 'default.png', NULL, NULL, NULL),
(92, 2245, 'S2026092', 'យន់ ស្រីមុំ', 'YON SREYMOM', 'ស្រី', '5/18/2010', 'សង្កាត់ផ្សារថ្មី៣, ខណ្ឌដូនពេញ, រាជធានីភ្នំពេញ', 'សង្កាត់ផ្សារថ្មី៣, ខណ្ឌដូនពេញ, រាជធានីភ្នំពេញ', 'យន់ ផល', 'លី ផានិត', 'not', 'not', 'not', 'not', 'not', '10', 'Active', 4, '2025-2026', 'default.png', NULL, NULL, NULL),
(93, 2246, 'S2026093', 'ឡាំ វឌ្ឍនៈ', 'LAM VATTANAK', 'ប្រុស', '9/5/2008', 'សង្កាត់ស្ទឹងមានជ័យ២, ខណ្ឌមានជ័យ, រាជធានីភ្នំពេញ', 'សង្កាត់ស្ទឹងមានជ័យ២, ខណ្ឌមានជ័យ, រាជធានីភ្នំពេញ', 'ឡាំ ហួរ', 'ម៉ៅ សុផាត', 'not', 'not', 'not', 'not', 'not', '10', 'Active', 4, '2025-2026', 'default.png', NULL, NULL, NULL),
(94, 2247, 'S2026094', 'សោម ស្រីពេជ្រ', 'SOM SREY PICH', 'ស្រី', '11/20/2009', 'សង្កាត់ចាក់អង្រែលើ, ខណ្ឌមានជ័យ, រាជធានីភ្នំពេញ', 'សង្កាត់ចាក់អង្រែលើ, ខណ្ឌមានជ័យ, រាជធានីភ្នំពេញ', 'សោម សារ៉ន', 'ចាន់ ធារី', 'not', 'not', 'not', 'not', 'not', '10', 'Active', 4, '2025-2026', 'default.png', NULL, NULL, NULL),
(95, 2248, 'S2026095', 'ជា វិសាល', 'CHEA VISAL', 'ប្រុស', '3/22/2010', 'សង្កាត់ភ្នំពេញថ្មី, ខណ្ឌសែនសុខ, រាជធានីភ្នំពេញ', 'សង្កាត់ភ្នំពេញថ្មី, ខណ្ឌសែនសុខ, រាជធានីភ្នំពេញ', 'ជា ហ៊ាន', 'រស់ ផល្លី', 'not', 'not', 'not', 'not', 'not', '10', 'Active', 4, '2025-2026', 'default.png', NULL, NULL, NULL),
(96, 2249, 'S2026096', 'គឹម ម៉ារីណា', 'KIM MARINA', 'ស្រី', '7/8/2010', 'សង្កាត់បឹងទំពុន១, ខណ្ឌមានជ័យ, រាជធានីភ្នំពេញ', 'សង្កាត់អូរឡាំពិក, ខណ្ឌបឹងកេងកង, រាជធានីភ្នំពេញ', 'គឹម សុផល', 'ស៊ន សារី', 'not', 'not', 'not', 'not', 'not', '10', 'Active', 4, '2025-2026', 'default.png', NULL, NULL, NULL),
(97, 2250, 'S2026097', 'ផាន សុបញ្ញា', 'PHAN SOPANHA', 'ប្រុស', '12/10/2011', 'សង្កាត់ទួលសង្កែ២, ខណ្ឌឫស្សីកែវ, រាជធានីភ្នំពេញ', 'សង្កាត់ទួលសង្កែ២, ខណ្ឌឫស្សីកែវ, រាជធានីភ្នំពេញ', 'ផាន ឡាយ', 'ឈាន ស៊ីណេត', 'not', 'not', 'not', 'not', 'not', '10', 'Active', 4, '2025-2026', 'default.png', NULL, NULL, NULL),
(98, 2251, 'S2026098', 'ឡុង ស្រីនិច', 'LONG SREYNICH', 'ស្រី', '1/30/2010', 'សង្កាត់ច្បារអំពៅ១, ខណ្ឌច្បារអំពៅ, រាជធានីភ្នំពេញ', 'សង្កាត់ច្បារអំពៅ១, ខណ្ឌច្បារអំពៅ, រាជធានីភ្នំពេញ', 'ឡុង ផល', 'យ៉ន សុផល', 'not', 'not', 'not', 'not', 'not', '10', 'Active', 4, '2025-2026', 'default.png', NULL, NULL, NULL),
(99, 2252, 'S2026099', 'ថន សំណាង', 'THORN SAMNANG', 'ប្រុស', '6/18/2010', 'សង្កាត់អូរឡាំពិក, ខណ្ឌបឹងកេងកង, រាជធានីភ្នំពេញ', 'សង្កាត់អូរឡាំពិក, ខណ្ឌបឹងកេងកង, រាជធានីភ្នំពេញ', 'ថន វណ្ណា', 'សរ សុភី', 'not', 'not', 'not', 'not', 'not', '10', 'Active', 4, '2025-2026', 'default.png', NULL, NULL, NULL),
(100, 2253, 'S2026100', 'ម៉ៅ ចាន់នី', 'MAO CHANNY', 'ស្រី', '10/2/2008', 'សង្កាត់ចោមចៅ២, ខណ្ឌពោធិ៍សែនជ័យ, រាជធានីភ្នំពេញ', 'សង្កាត់ចោមចៅ២, ខណ្ឌពោធិ៍សែនជ័យ, រាជធានីភ្នំពេញ', 'ម៉ៅ វឿន', 'ចាន់ ណារី', 'not', 'not', 'not', 'not', 'not', '10', 'Active', 4, '2025-2026', 'default.png', NULL, NULL, NULL),
(101, 2254, 'S2026101', 'ហ៊ាន វិចិត្រ', 'HEAN VICHET', 'ប្រុស', '4/12/2010', 'សង្កាត់គោកឃ្លាង, ខណ្ឌសែនសុខ, រាជធានីភ្នំពេញ', 'សង្កាត់គោកឃ្លាង, ខណ្ឌសែនសុខ, រាជធានីភ្នំពេញ', 'ហ៊ាន រ៉េត', 'សោម ស្រីមុំ', 'not', 'not', 'not', 'not', 'not', '10', 'Active', 4, '2025-2026', 'default.png', NULL, NULL, NULL),
(102, 2255, 'S2026102', 'ស៊ន សុគន្ធា', 'SORN SOKUNTHEA', 'ស្រី', '8/25/2010', 'សង្កាត់ផ្សារថ្មី១, ខណ្ឌដូនពេញ, រាជធានីភ្នំពេញ', 'សង្កាត់ផ្សារថ្មី១, ខណ្ឌដូនពេញ, រាជធានីភ្នំពេញ', 'ស៊ន ជា', 'មាស ផានិត', 'not', 'not', 'not', 'not', 'not', '10', 'Active', 4, '2025-2026', 'default.png', NULL, NULL, NULL),
(103, 2256, 'S2026103', 'លឹម មករា', 'LIM MAKARA', 'ប្រុស', '2/14/2007', 'សង្កាត់បឹងរាំង, ខណ្ឌដូនពេញ, រាជធានីភ្នំពេញ', 'សង្កាត់បឹងរាំង, ខណ្ឌដូនពេញ, រាជធានីភ្នំពេញ', 'លឹម ឡាយ', 'សុខ សារ៉ាន', 'not', 'not', 'not', 'not', 'not', '10', 'Active', 4, '2025-2026', 'default.png', NULL, NULL, NULL),
(104, 2257, 'S2026104', 'ម៉ែន ស្រីឡែន', 'MEN SREYLEN', 'ស្រី', '11/20/2010', 'សង្កាត់វាលវង់, ខណ្ឌ៧មករា, រាជធានីភ្នំពេញ', 'សង្កាត់វាលវង់, ខណ្ឌ៧មករា, រាជធានីភ្នំពេញ', 'ម៉ែន សំ', 'លី សារ៉េត', 'not', 'not', 'not', 'not', 'not', '10', 'Active', 4, '2025-2026', 'default.png', NULL, NULL, NULL),
(105, 2258, 'S2026105', 'សិត វណ្ណៈ', 'SIT VANNAK', 'ប្រុស', '6/5/2011', 'សង្កាត់ទឹកថ្លា, ខណ្ឌសែនសុខ, រាជធានីភ្នំពេញ', 'សង្កាត់ទឹកថ្លា, ខណ្ឌសែនសុខ, រាជធានីភ្នំពេញ', 'សិត សុខ', 'មាស ផល្លា', 'not', 'not', 'not', 'not', 'not', '10', 'Active', 4, '2025-2026', 'default.png', NULL, NULL, NULL),
(106, 2259, 'S2026106', 'ង៉ែត ម៉ារីយ៉ា', 'NGET MARYA', 'ស្រី', '9/12/2010', 'សង្កាត់ចាក់អង្រែក្រោម, ខណ្ឌមានជ័យ, រាជធានីភ្នំពេញ', 'សង្កាត់ចាក់អង្រែក្រោម, ខណ្ឌមានជ័យ, រាជធានីភ្នំពេញ', 'ង៉ែត វណ្ណា', 'ស៊ន សារ៉េត', 'not', 'not', 'not', 'not', 'not', '10', 'Active', 4, '2025-2026', 'default.png', NULL, NULL, NULL),
(107, 2260, 'S2026107', 'ប៊ុន សុជាតិ', 'BUN SOCHEAT', 'ប្រុស', '1/10/2007', 'សង្កាត់បឹងសាឡាង, ខណ្ឌទួលគោក, រាជធានីភ្នំពេញ', 'សង្កាត់បឹងសាឡាង, ខណ្ឌទួលគោក, រាជធានីភ្នំពេញ', 'ប៊ុន ជឿន', 'ហ៊ឹម សុភី', 'not', 'not', 'not', 'not', 'not', '10', 'Active', 4, '2025-2026', 'default.png', NULL, NULL, NULL),
(108, 2261, 'S2026108', 'ហូ ស្រីនា', 'HO SREYNEA', 'ស្រី', '4/30/2010', 'សង្កាត់ផ្សារកណ្ដាល២, ខណ្ឌដូនពេញ, រាជធានីភ្នំពេញ', 'សង្កាត់ផ្សារកណ្ដាល២, ខណ្ឌដូនពេញ, រាជធានីភ្នំពេញ', 'ហូ វ៉ន', 'មាស សុខា', 'not', 'not', 'not', 'not', 'not', '10', 'Active', 4, '2025-2026', 'default.png', NULL, NULL, NULL),
(109, 2262, 'S2026109', 'ហ៊ឹម បញ្ញា', 'HIM PANHA', 'ប្រុស', '8/18/2010', 'សង្កាត់កាកាប១, ខណ្ឌពោធិ៍សែនជ័យ, រាជធានីភ្នំពេញ', 'សង្កាត់កាកាប១, ខណ្ឌពោធិ៍សែនជ័យ, រាជធានីភ្នំពេញ', 'ហ៊ឹម យ៉ាន', 'លី សុភ័ក្រ', 'not', 'not', 'not', 'not', 'not', '10', 'Active', 4, '2025-2026', 'default.png', NULL, NULL, NULL),
(110, 2263, 'S2026110', 'ឃុត ស្រីមុំ', 'KHUT SREYMOM', 'ស្រី', '12/5/2010', 'សង្កាត់រកាខ្ពស់, ក្រុងតាខ្មៅ, ខេត្តកណ្ដាល', 'សង្កាត់បឹងទំពុន១, ខណ្ឌមានជ័យ, រាជធានីភ្នំពេញ', 'ឃុត ជឿន', 'ចាន់ សុផល', 'not', 'not', 'not', 'not', 'not', '10', 'Active', 4, '2025-2026', 'default.png', NULL, NULL, NULL),
(111, 2264, 'S2026111', 'ចាន់ វឌ្ឍនៈ', 'CHAN VATTANAK', 'ប្រុស', '3/15/2010', 'សង្កាត់វាលវង់, ខណ្ឌ៧មករា, រាជធានីភ្នំពេញ', 'សង្កាត់វាលវង់, ខណ្ឌ៧មករា, រាជធានីភ្នំពេញ', 'ចាន់ វិសាល', 'ស្រី មុំ', 'not', 'not', 'not', 'not', 'not', '10', 'Active', 4, '2025-2026', 'default.png', NULL, NULL, NULL),
(112, 2265, 'S2026112', 'លី ស្រីនិច', 'LY SREYNICH', 'ស្រី', '7/22/2010', 'សង្កាត់អូរឡាំពិក, ខណ្ឌបឹងកេងកង, រាជធានីភ្នំពេញ', 'សង្កាត់អូរឡាំពិក, ខណ្ឌបឹងកេងកង, រាជធានីភ្នំពេញ', 'លី វណ្ណា', 'ស៊ន សារី', 'not', 'not', 'not', 'not', 'not', '10', 'Active', 4, '2025-2026', 'default.png', NULL, NULL, NULL),
(113, 2266, 'S2026113', 'មាស វិបុល', 'MEAS VIBOL', 'ប្រុស', '10/10/2009', 'សង្កាត់ផ្សារដើមថ្កូវ, ខណ្ឌចំការមន, រាជធានីភ្នំពេញ', 'សង្កាត់ផ្សារដើមថ្កូវ, ខណ្ឌចំការមន, រាជធានីភ្នំពេញ', 'មាស ម៉ៅ', 'ចាន់ ធារី', 'not', 'not', 'not', 'not', 'not', '10', 'Active', 4, '2025-2026', 'default.png', NULL, NULL, NULL),
(114, 2267, 'S2026114', 'រស់ ចាន់នី', 'ROS CHANNY', 'ស្រី', '5/8/2010', 'សង្កាត់ផ្សារដេប៉ូ៣, ខណ្ឌទួលគោក, រាជធានីភ្នំពេញ', 'សង្កាត់ផ្សារដេប៉ូ៣, ខណ្ឌទួលគោក, រាជធានីភ្នំពេញ', 'រស់ រ៉េត', 'ចាន់ សុផល', 'not', 'not', 'not', 'not', 'not', '10', 'Active', 4, '2025-2026', 'default.png', NULL, NULL, NULL),
(115, 2268, 'S2026115', 'វង្ស វិរៈ', 'VONG VIRAK', 'ប្រុស', '11/25/2009', 'សង្កាត់បឹងរាំង, ខណ្ឌដូនពេញ, រាជធានីភ្នំពេញ', 'សង្កាត់បឹងរាំង, ខណ្ឌដូនពេញ, រាជធានីភ្នំពេញ', 'វង្ស វ៉ា', 'ប៉ែន សុធី', 'not', 'not', 'not', 'not', 'not', '10', 'Active', 4, '2025-2026', 'default.png', NULL, NULL, NULL),
(116, 2269, 'S2026116', 'ឡុង ម៉ារីណា', 'LONG MARINA', 'ស្រី', '6/12/2010', 'សង្កាត់ទួលសង្កែ១, ខណ្ឌឫស្សីកែវ, រាជធានីភ្នំពេញ', 'សង្កាត់ទួលសង្កែ១, ខណ្ឌឫស្សីកែវ, រាជធានីភ្នំពេញ', 'ឡុង ផល', 'យ៉ន សុផល', 'not', 'not', 'not', 'not', 'not', '10', 'Active', 4, '2025-2026', 'default.png', NULL, NULL, NULL),
(117, 2270, 'S2026117', 'អ៊ិត វណ្ណៈ', 'IT VANNAK', 'ប្រុស', '2/19/2008', 'សង្កាត់គីឡូម៉ែត្រលេខ៦, ខណ្ឌឫស្សីកែវ, រាជធានីភ្នំពេញ', 'សង្កាត់គីឡូម៉ែត្រលេខ៦, ខណ្ឌឫស្សីកែវ, រាជធានីភ្នំពេញ', 'អ៊ិត ហុង', 'សុខ សារ៉ាន', 'not', 'not', 'not', 'not', 'not', '10', 'Active', 4, '2025-2026', 'default.png', NULL, NULL, NULL),
(118, 2271, 'S2026118', 'សុខ ស្រីឡែន', 'SOK SREYLEN', 'ស្រី', '4/14/2010', 'សង្កាត់ទឹកល្អក់៣, ខណ្ឌទួលគោក, រាជធានីភ្នំពេញ', 'សង្កាត់ទឹកល្អក់៣, ខណ្ឌទួលគោក, រាជធានីភ្នំពេញ', 'សុខ ហេង', 'មាស ផល្លា', 'not', 'not', 'not', 'not', 'not', '10', 'Active', 4, '2025-2026', 'default.png', NULL, NULL, NULL),
(119, 2272, 'S2026119', 'យ៉ាន បញ្ញា', 'YAN PANHA', 'ប្រុស', '15/5/2009', 'សង្កាត់បឹងកេងកង១, ខណ្ឌបឹងកេងកង, រាជធានីភ្នំពេញ', 'សង្កាត់បឹងកេងកង១, ខណ្ឌបឹងកេងកង, រាជធានីភ្នំពេញ', 'យ៉ាន ហ៊ាន', 'ចាន់ សុខា', 'not', 'not', 'not', 'not', 'not', '10', 'Active', 4, '2025-2026', 'default.png', NULL, NULL, NULL),
(120, 2273, 'S2026120', 'ហេង ម៉ារី', 'HENG MARY', 'ស្រី', '10/5/2010', 'សង្កាត់ចតុមុខ, ខណ្ឌដូនពេញ, រាជធានីភ្នំពេញ', 'សង្កាត់ចតុមុខ, ខណ្ឌដូនពេញ, រាជធានីភ្នំពេញ', 'ហេង ផល', 'ស្រី មុំ', 'not', 'not', 'not', 'not', 'not', '10', 'Active', 4, '2025-2026', 'default.png', NULL, NULL, NULL),
(121, 2274, 'S2026121', 'ម៉ៅ វិសាល', 'MAO VISAL', 'ប្រុស', '1/10/2009', 'សង្កាត់បឹងព្រលឹត, ខណ្ឌ៧មករា, រាជធានីភ្នំពេញ', 'សង្កាត់បឹងព្រលឹត, ខណ្ឌ៧មករា, រាជធានីភ្នំពេញ', 'ម៉ៅ សំ', 'លី សារ៉េត', 'not', 'not', 'not', 'not', 'not', '11', 'Active', 5, '2025-2026', 'default.png', NULL, NULL, NULL),
(122, 2275, 'S2026122', 'លី ស្រីរ័ត្ន', 'LY SREYROTH', 'ស្រី', '4/15/2009', 'សង្កាត់ផ្សារថ្មី៣, ខណ្ឌដូនពេញ, រាជធានីភ្នំពេញ', 'សង្កាត់ផ្សារថ្មី៣, ខណ្ឌដូនពេញ, រាជធានីភ្នំពេញ', 'លី វណ្ណា', 'គឹម ស៊ាង', 'not', 'not', 'not', 'not', 'not', '11', 'Active', 5, '2025-2026', 'default.png', NULL, NULL, NULL),
(123, 2276, 'S2026123', 'ជា បញ្ញា', 'CHEA PANHA', 'ប្រុស', '8/20/2008', 'សង្កាត់ស្ទឹងមានជ័យ១, ខណ្ឌមានជ័យ, រាជធានីភ្នំពេញ', 'សង្កាត់ស្ទឹងមានជ័យ១, ខណ្ឌមានជ័យ, រាជធានីភ្នំពេញ', 'ជា ហ៊ាន', 'រស់ ផល្លី', 'not', 'not', 'not', 'not', 'not', '11', 'Active', 5, '2025-2026', 'default.png', NULL, NULL, NULL),
(124, 2277, 'S2026124', 'នួន ម៉ារីណា', 'NUON MARINA', 'ស្រី', '11/5/2007', 'សង្កាត់ចាក់អង្រែលើ, ខណ្ឌមានជ័យ, រាជធានីភ្នំពេញ', 'សង្កាត់ចាក់អង្រែលើ, ខណ្ឌមានជ័យ, រាជធានីភ្នំពេញ', 'នួន នី', 'ចាន់ សុផល', 'not', 'not', 'not', 'not', 'not', '11', 'Active', 5, '2025-2026', 'default.png', NULL, NULL, NULL),
(125, 2278, 'S2026125', 'រស់ វឌ្ឍនៈ', 'ROS VATTANAK', 'ប្រុស', '3/12/2009', 'សង្កាត់ភ្នំពេញថ្មី, ខណ្ឌសែនសុខ, រាជធានីភ្នំពេញ', 'សង្កាត់ភ្នំពេញថ្មី, ខណ្ឌសែនសុខ, រាជធានីភ្នំពេញ', 'រស់ រ៉េត', 'សោម សុខី', 'not', 'not', 'not', 'not', 'not', '11', 'Active', 5, '2025-2026', 'default.png', NULL, NULL, NULL),
(126, 2279, 'S2026126', 'គឹម សុធារ៉ា', 'KIM SOTHEARA', 'ស្រី', '6/25/2008', 'សង្កាត់បឹងទំពុន១, ខណ្ឌមានជ័យ, រាជធានីភ្នំពេញ', 'សង្កាត់អូរឡាំពិក, ខណ្ឌបឹងកេងកង, រាជធានីភ្នំពេញ', 'គឹម សុផល', 'ស៊ន សារី', 'not', 'not', 'not', 'not', 'not', '11', 'Active', 5, '2025-2026', 'default.png', NULL, NULL, NULL),
(127, 2280, 'S2026127', 'ផាន សុបញ្ញា', 'PHAN SOPANHA', 'ប្រុស', '12/14/2006', 'សង្កាត់ទួលសង្កែ២, ខណ្ឌឫស្សីកែវ, រាជធានីភ្នំពេញ', 'សង្កាត់ទួលសង្កែ២, ខណ្ឌឫស្សីកែវ, រាជធានីភ្នំពេញ', 'ផាន ឡាយ', 'ឈាន ស៊ីណេត', 'not', 'not', 'not', 'not', 'not', '11', 'Active', 5, '2025-2026', 'default.png', NULL, NULL, NULL),
(128, 2281, 'S2026128', 'ឡាំ ស្រីនិច', 'LAM SREYNICH', 'ស្រី', '2/28/2006', 'សង្កាត់ច្បារអំពៅ១, ខណ្ឌច្បារអំពៅ, រាជធានីភ្នំពេញ', 'សង្កាត់ច្បារអំពៅ១, ខណ្ឌច្បារអំពៅ, រាជធានីភ្នំពេញ', 'ឡាំ ហួរ', 'ម៉ៅ សុផាត', 'not', 'not', 'not', 'not', 'not', '11', 'Active', 5, '2025-2026', 'default.png', NULL, NULL, NULL),
(129, 2282, 'S2026129', 'ថន សំណាង', 'THORN SAMNANG', 'ប្រុស', '7/18/2009', 'សង្កាត់អូរឡាំពិក, ខណ្ឌបឹងកេងកង, រាជធានីភ្នំពេញ', 'សង្កាត់អូរឡាំពិក, ខណ្ឌបឹងកេងកង, រាជធានីភ្នំពេញ', 'ថន វណ្ណា', 'សរ សុភី', 'not', 'not', 'not', 'not', 'not', '11', 'Active', 5, '2025-2026', 'default.png', NULL, NULL, NULL),
(130, 2283, 'S2026130', 'ឡុង ស្រីមុំ', 'LONG SREYMOM', 'ស្រី', '10/5/2008', 'សង្កាត់ចោមចៅ២, ខណ្ឌពោធិ៍សែនជ័យ, រាជធានីភ្នំពេញ', 'សង្កាត់ចោមចៅ២, ខណ្ឌពោធិ៍សែនជ័យ, រាជធានីភ្នំពេញ', 'ឡុង ផល', 'ស្រី មុំ', 'not', 'not', 'not', 'not', 'not', '11', 'Active', 5, '2025-2026', 'default.png', NULL, NULL, NULL),
(131, 2284, 'S2026131', 'ហ៊ាន វិចិត្រ', 'HEAN VICHET', 'ប្រុស', '5/12/2009', 'សង្កាត់គោកឃ្លាង, ខណ្ឌសែនសុខ, រាជធានីភ្នំពេញ', 'សង្កាត់គោកឃ្លាង, ខណ្ឌសែនសុខ, រាជធានីភ្នំពេញ', 'ហ៊ាន រ៉េត', 'សោម ស្រីមុំ', 'not', 'not', 'not', 'not', 'not', '11', 'Active', 5, '2025-2026', 'default.png', NULL, NULL, NULL),
(132, 2285, 'S2026132', 'ស៊ន សុគន្ធា', 'SORN SOKUNTHEA', 'ស្រី', '9/22/2007', 'សង្កាត់ផ្សារថ្មី១, ខណ្ឌដូនពេញ, រាជធានីភ្នំពេញ', 'សង្កាត់ផ្សារថ្មី១, ខណ្ឌដូនពេញ, រាជធានីភ្នំពេញ', 'ស៊ន ជា', 'មាស ផានិត', 'not', 'not', 'not', 'not', 'not', '11', 'Active', 5, '2025-2026', 'default.png', NULL, NULL, NULL),
(133, 2286, 'S2026133', 'លឹម មករា', 'LIM MAKARA', 'ប្រុស', '1/14/2009', 'សង្កាត់បឹងរាំង, ខណ្ឌដូនពេញ, រាជធានីភ្នំពេញ', 'សង្កាត់បឹងរាំង, ខណ្ឌដូនពេញ, រាជធានីភ្នំពេញ', 'លឹម ឡាយ', 'យ៉ន សុផល', 'not', 'not', 'not', 'not', 'not', '11', 'Active', 5, '2025-2026', 'default.png', NULL, NULL, NULL),
(134, 2287, 'S2026134', 'ម៉ែន ស្រីឡែន', 'MEN SREYLEN', 'ស្រី', '11/20/2009', 'សង្កាត់វាលវង់, ខណ្ឌ៧មករា, រាជធានីភ្នំពេញ', 'សង្កាត់វាលវង់, ខណ្ឌ៧មករា, រាជធានីភ្នំពេញ', 'ម៉ែន សំ', 'ចាន់ ណារី', 'not', 'not', 'not', 'not', 'not', '11', 'Active', 5, '2025-2026', 'default.png', NULL, NULL, NULL),
(135, 2288, 'S2026135', 'សិត វណ្ណៈ', 'SIT VANNAK', 'ប្រុស', '4/5/2009', 'សង្កាត់ទឹកថ្លា, ខណ្ឌសែនសុខ, រាជធានីភ្នំពេញ', 'សង្កាត់ទឹកថ្លា, ខណ្ឌសែនសុខ, រាជធានីភ្នំពេញ', 'សិត សុខ', 'មាស ផល្លា', 'not', 'not', 'not', 'not', 'not', '11', 'Active', 5, '2025-2026', 'default.png', NULL, NULL, NULL),
(136, 2289, 'S2026136', 'ង៉ែត ម៉ារីយ៉ា', 'NGET MARYA', 'ស្រី', '8/12/2009', 'សង្កាត់ចាក់អង្រែក្រោម, ខណ្ឌមានជ័យ, រាជធានីភ្នំពេញ', 'សង្កាត់ចាក់អង្រែក្រោម, ខណ្ឌមានជ័យ, រាជធានីភ្នំពេញ', 'ង៉ែត វណ្ណា', 'ស៊ន សារ៉េត', 'not', 'not', 'not', 'not', 'not', '11', 'Active', 5, '2025-2026', 'default.png', NULL, NULL, NULL),
(137, 2290, 'S2026137', 'ប៊ុន សុជាតិ', 'BUN SOCHEAT', 'ប្រុស', '2/10/2006', 'សង្កាត់បឹងសាឡាង, ខណ្ឌទួលគោក, រាជធានីភ្នំពេញ', 'សង្កាត់បឹងសាឡាង, ខណ្ឌទួលគោក, រាជធានីភ្នំពេញ', 'ប៊ុន ជឿន', 'សុខ សារ៉ាន', 'not', 'not', 'not', 'not', 'not', '11', 'Active', 5, '2025-2026', 'default.png', NULL, NULL, NULL),
(138, 2291, 'S2026138', 'ហូ ស្រីនា', 'HO SREYNEA', 'ស្រី', '6/30/2009', 'សង្កាត់ផ្សារកណ្ដាល២, ខណ្ឌដូនពេញ, រាជធានីភ្នំពេញ', 'សង្កាត់ផ្សារកណ្ដាល២, ខណ្ឌដូនពេញ, រាជធានីភ្នំពេញ', 'ហូ វ៉ន', 'មាស សុខា', 'not', 'not', 'not', 'not', 'not', '11', 'Active', 5, '2025-2026', 'default.png', NULL, NULL, NULL),
(139, 2292, 'S2026139', 'ហ៊ឹម បញ្ញា', 'HIM PANHA', 'ប្រុស', '12/18/2008', 'សង្កាត់កាកាប១, ខណ្ឌពោធិ៍សែនជ័យ, រាជធានីភ្នំពេញ', 'សង្កាត់កាកាប១, ខណ្ឌពោធិ៍សែនជ័យ, រាជធានីភ្នំពេញ', 'ហ៊ឹម យ៉ាន', 'លី សុភ័ក្រ', 'not', 'not', 'not', 'not', 'not', '11', 'Active', 5, '2025-2026', 'default.png', NULL, NULL, NULL),
(140, 2293, 'S2026140', 'ឃុត ស្រីមុំ', 'KHUT SREYMOM', 'ស្រី', '7/5/2009', 'សង្កាត់រកាខ្ពស់, ក្រុងតាខ្មៅ, ខេត្តកណ្ដាល', 'សង្កាត់បឹងទំពុន១, ខណ្ឌមានជ័យ, រាជធានីភ្នំពេញ', 'ឃុត ជឿន', 'ចាន់ សុផល', 'not', 'not', 'not', 'not', 'not', '11', 'Active', 5, '2025-2026', 'default.png', NULL, NULL, NULL),
(141, 2294, 'S2026141', 'ចាន់ វឌ្ឍនៈ', 'CHAN VATTANAK', 'ប្រុស', '3/15/2008', 'សង្កាត់វាលវង់, ខណ្ឌ៧មករា, រាជធានីភ្នំពេញ', 'សង្កាត់វាលវង់, ខណ្ឌ៧មករា, រាជធានីភ្នំពេញ', 'ចាន់ វិសាល', 'ស្រី មុំ', 'not', 'not', 'not', 'not', 'not', '11', 'Active', 5, '2025-2026', 'default.png', NULL, NULL, NULL),
(142, 2295, 'S2026142', 'លី ស្រីនិច', 'LY SREYNICH', 'ស្រី', '10/22/2009', 'សង្កាត់អូរឡាំពិក, ខណ្ឌបឹងកេងកង, រាជធានីភ្នំពេញ', 'សង្កាត់អូរឡាំពិក, ខណ្ឌបឹងកេងកង, រាជធានីភ្នំពេញ', 'លី វណ្ណា', 'ស៊ន សារី', 'not', 'not', 'not', 'not', 'not', '11', 'Active', 5, '2025-2026', 'default.png', NULL, NULL, NULL),
(143, 2296, 'S2026143', 'មាស វិបុល', 'MEAS VIBOL', 'ប្រុស', '1/10/2009', 'សង្កាត់ផ្សារដើមថ្កូវ, ខណ្ឌចំការមន, រាជធានីភ្នំពេញ', 'សង្កាត់ផ្សារដើមថ្កូវ, ខណ្ឌចំការមន, រាជធានីភ្នំពេញ', 'មាស ម៉ៅ', 'ចាន់ ធារី', 'not', 'not', 'not', 'not', 'not', '11', 'Active', 5, '2025-2026', 'default.png', NULL, NULL, NULL),
(144, 2297, 'S2026144', 'រស់ ចាន់នី', 'ROS CHANNY', 'ស្រី', '5/8/2008', 'សង្កាត់ផ្សារដេប៉ូ៣, ខណ្ឌទួលគោក, រាជធានីភ្នំពេញ', 'សង្កាត់ផ្សារដេប៉ូ៣, ខណ្ឌទួលគោក, រាជធានីភ្នំពេញ', 'រស់ រ៉េត', 'ចាន់ សុផល', 'not', 'not', 'not', 'not', 'not', '11', 'Active', 5, '2025-2026', 'default.png', NULL, NULL, NULL),
(145, 2298, 'S2026145', 'វង្ស វិរៈ', 'VONG VIRAK', 'ប្រុស', '9/25/2009', 'សង្កាត់បឹងរាំង, ខណ្ឌដូនពេញ, រាជធានីភ្នំពេញ', 'សង្កាត់បឹងរាំង, ខណ្ឌដូនពេញ, រាជធានីភ្នំពេញ', 'វង្ស វ៉ា', 'ប៉ែន សុធី', 'not', 'not', 'not', 'not', 'not', '11', 'Active', 5, '2025-2026', 'default.png', NULL, NULL, NULL),
(146, 2299, 'S2026146', 'ឡុង ម៉ារីណា', 'LONG MARINA', 'ស្រី', '12/12/2009', 'សង្កាត់ទួលសង្កែ១, ខណ្ឌឫស្សីកែវ, រាជធានីភ្នំពេញ', 'សង្កាត់ទួលសង្កែ១, ខណ្ឌឫស្សីកែវ, រាជធានីភ្នំពេញ', 'ឡុង ផល', 'យ៉ន សុផល', 'not', 'not', 'not', 'not', 'not', '11', 'Active', 5, '2025-2026', 'default.png', NULL, NULL, NULL),
(147, 2300, 'S2026147', 'អ៊ិត វណ្ណៈ', 'IT VANNAK', 'ប្រុស', '2/19/2009', 'សង្កាត់គីឡូម៉ែត្រលេខ៦, ខណ្ឌឫស្សីកែវ, រាជធានីភ្នំពេញ', 'សង្កាត់គីឡូម៉ែត្រលេខ៦, ខណ្ឌឫស្សីកែវ, រាជធានីភ្នំពេញ', 'អ៊ិត ហុង', 'សុខ សារ៉ាន', 'not', 'not', 'not', 'not', 'not', '11', 'Active', 5, '2025-2026', 'default.png', NULL, NULL, NULL),
(148, 2301, 'S2026148', 'សុខ ស្រីឡែន', 'SOK SREYLEN', 'ស្រី', '4/14/2009', 'សង្កាត់ទឹកល្អក់៣, ខណ្ឌទួលគោក, រាជធានីភ្នំពេញ', 'សង្កាត់ទឹកល្អក់៣, ខណ្ឌទួលគោក, រាជធានីភ្នំពេញ', 'សុខ ហេង', 'មាស ផល្លា', 'not', 'not', 'not', 'not', 'not', '11', 'Active', 5, '2025-2026', 'default.png', NULL, NULL, NULL),
(149, 2302, 'S2026149', 'យ៉ាន បញ្ញា', 'YAN PANHA', 'ប្រុស', '8/30/2006', 'សង្កាត់បឹងកេងកង១, ខណ្ឌបឹងកេងកង, រាជធានីភ្នំពេញ', 'សង្កាត់បឹងកេងកង១, ខណ្ឌបឹងកេងកង, រាជធានីភ្នំពេញ', 'យ៉ាន ហ៊ាន', 'ចាន់ សុខា', 'not', 'not', 'not', 'not', 'not', '11', 'Active', 5, '2025-2026', 'default.png', NULL, NULL, NULL),
(150, 2303, 'S2026150', 'ហេង ម៉ារី', 'HENG MARY', 'ស្រី', '10/5/2009', 'សង្កាត់ចតុមុខ, ខណ្ឌដូនពេញ, រាជធានីភ្នំពេញ', 'សង្កាត់ចតុមុខ, ខណ្ឌដូនពេញ, រាជធានីភ្នំពេញ', 'ហេង ផល', 'ស្រី មុំ', 'not', 'not', 'not', 'not', 'not', '11', 'Active', 5, '2025-2026', 'default.png', NULL, NULL, NULL),
(151, 2304, 'S2026151', 'ឡាយ វិសាល', 'LAY VISAL', 'ប្រុស', '2/14/2007', 'សង្កាត់ផ្សារថ្មី១, ខណ្ឌដូនពេញ, រាជធានីភ្នំពេញ', 'សង្កាត់ផ្សារថ្មី១, ខណ្ឌដូនពេញ, រាជធានីភ្នំពេញ', 'ឡាយ ហួរ', 'ស៊ន សារី', 'not', 'not', 'not', 'not', 'វិទ្យាសាស្ត្រសង្គម', '12', 'Active', 6, '2025-2026', 'default.png', NULL, NULL, NULL),
(152, 2305, 'S2026152', 'សុខ ស្រីនា', 'SOK SREYNEA', 'ស្រី', '5/20/2008', 'សង្កាត់បឹងព្រលឹត, ខណ្ឌ៧មករា, រាជធានីភ្នំពេញ', 'សង្កាត់បឹងព្រលឹត, ខណ្ឌ៧មករា, រាជធានីភ្នំពេញ', 'សុខ ហេង', 'ចាន់ ធារី', 'not', 'not', 'not', 'not', 'វិទ្យាសាស្ត្រសង្គម', '12', 'Active', 6, '2025-2026', 'default.png', NULL, NULL, NULL),
(153, 2306, 'S2026153', 'វង្ស បញ្ញា', 'VONG PANHA', 'ប្រុស', '9/5/2007', 'សង្កាត់ទឹកល្អក់១, ខណ្ឌទួលគោក, រាជធានីភ្នំពេញ', 'សង្កាត់ទឹកល្អក់១, ខណ្ឌទួលគោក, រាជធានីភ្នំពេញ', 'វង្ស វ៉ា', 'ប៉ែន សុធី', 'not', 'not', 'not', 'not', 'វិទ្យាសាស្ត្រសង្គម', '12', 'Active', 6, '2025-2026', 'default.png', NULL, NULL, NULL),
(154, 2307, 'S2026154', 'ជា ម៉ារីណា', 'CHEA MARINA', 'ស្រី', '11/14/2008', 'សង្កាត់បឹងកេងកង៣, ខណ្ឌបឹងកេងកង, រាជធានីភ្នំពេញ', 'សង្កាត់បឹងកេងកង៣, ខណ្ឌបឹងកេងកង, រាជធានីភ្នំពេញ', 'ជា ហ៊ាន', 'រស់ ផល្លី', 'not', 'not', 'not', 'not', 'វិទ្យាសាស្ត្រសង្គម', '12', 'Active', 6, '2025-2026', 'default.png', NULL, NULL, NULL),
(155, 2308, 'S2026155', 'នួន វឌ្ឍនៈ', 'NUON VATTANAK', 'ប្រុស', '3/22/2006', 'សង្កាត់ស្ទឹងមានជ័យ២, ខណ្ឌមានជ័យ, រាជធានីភ្នំពេញ', 'សង្កាត់ស្ទឹងមានជ័យ២, ខណ្ឌមានជ័យ, រាជធានីភ្នំពេញ', 'នួន នី', 'ចាន់ សុផល', 'not', 'not', 'not', 'not', 'វិទ្យាសាស្ត្រសង្គម', '12', 'Active', 6, '2025-2026', 'default.png', NULL, NULL, NULL),
(156, 2309, 'S2026156', 'សោម ស្រីនិច', 'SOM SREYNICH', 'ស្រី', '7/8/2009', 'សង្កាត់ចាក់អង្រែក្រោម, ខណ្ឌមានជ័យ, រាជធានីភ្នំពេញ', 'សង្កាត់ចាក់អង្រែក្រោម, ខណ្ឌមានជ័យ, រាជធានីភ្នំពេញ', 'សោម សារ៉ន', 'លី ផានិត', 'not', 'not', 'not', 'not', 'វិទ្យាសាស្ត្រសង្គម', '12', 'Active', 6, '2025-2026', 'default.png', NULL, NULL, NULL),
(157, 2310, 'S2026157', 'រស់ វិបុល', 'ROS VIBOL', 'ប្រុស', '12/10/2008', 'សង្កាត់ភ្នំពេញថ្មី, ខណ្ឌសែនសុខ, រាជធានីភ្នំពេញ', 'សង្កាត់ភ្នំពេញថ្មី, ខណ្ឌសែនសុខ, រាជធានីភ្នំពេញ', 'រស់ រ៉េត', 'សោម សុខី', 'not', 'not', 'not', 'not', 'វិទ្យាសាស្ត្រសង្គម', '12', 'Active', 6, '2025-2026', 'default.png', NULL, NULL, NULL),
(158, 2311, 'S2026158', 'គឹម សុខហេង', 'KIM SOKHENG', 'ប្រុស', '1/30/2006', 'សង្កាត់បឹងទំពុន២, ខណ្ឌមានជ័យ, រាជធានីភ្នំពេញ', 'សង្កាត់បឹងទំពុន២, ខណ្ឌមានជ័យ, រាជធានីភ្នំពេញ', 'គឹម សុផល', 'ស៊ន សារី', 'not', 'not', 'not', 'not', 'វិទ្យាសាស្ត្រសង្គម', '12', 'Active', 6, '2025-2026', 'default.png', NULL, NULL, NULL),
(159, 2312, 'S2026159', 'ផាន ស្រីឡែន', 'PHAN SREYLEN', 'ស្រី', '6/18/2009', 'សង្កាត់ទួលសង្កែ១, ខណ្ឌឫស្សីកែវ, រាជធានីភ្នំពេញ', 'សង្កាត់ទួលសង្កែ១, ខណ្ឌឫស្សីកែវ, រាជធានីភ្នំពេញ', 'ផាន ឡាយ', 'ឈាន ស៊ីណេត', 'not', 'not', 'not', 'not', 'វិទ្យាសាស្ត្រសង្គម', '12', 'Active', 6, '2025-2026', 'default.png', NULL, NULL, NULL),
(160, 2313, 'S2026160', 'ឡាំ សុបញ្ញា', 'LAM SOPANHA', 'ប្រុស', '10/2/2008', 'សង្កាត់ច្បារអំពៅ២, ខណ្ឌច្បារអំពៅ, រាជធានីភ្នំពេញ', 'សង្កាត់ច្បារអំពៅ២, ខណ្ឌច្បារអំពៅ, រាជធានីភ្នំពេញ', 'ឡាំ ហួរ', 'ម៉ៅ សុផាត', 'not', 'not', 'not', 'not', 'វិទ្យាសាស្ត្រសង្គម', '12', 'Active', 6, '2025-2026', 'default.png', NULL, NULL, NULL),
(161, 2314, 'S2026161', 'ថន មករា', 'THORN MAKARA', 'ប្រុស', '4/12/2008', 'សង្កាត់អូរឡាំពិក, ខណ្ឌបឹងកេងកង, រាជធានីភ្នំពេញ', 'សង្កាត់អូរឡាំពិក, ខណ្ឌបឹងកេងកង, រាជធានីភ្នំពេញ', 'ថន វណ្ណា', 'សរ សុភី', 'not', 'not', 'not', 'not', 'វិទ្យាសាស្ត្រសង្គម', '12', 'Active', 6, '2025-2026', 'default.png', NULL, NULL, NULL),
(162, 2315, 'S2026162', 'សុខ ស្រីពេជ្រ', 'SOK SREY PICH', 'ស្រី', '8/25/2007', 'សង្កាត់ទឹកល្អក់៣, ខណ្ឌទួលគោក, រាជធានីភ្នំពេញ', 'សង្កាត់ទឹកល្អក់៣, ខណ្ឌទួលគោក, រាជធានីភ្នំពេញ', 'សុខ ហេង', 'មាស ផល្លា', 'not', 'not', 'not', 'not', 'វិទ្យាសាស្ត្រសង្គម', '12', 'Active', 6, '2025-2026', 'default.png', NULL, NULL, NULL),
(163, 2316, 'S2026163', 'យ៉ាន វណ្ណៈ', 'YAN VANNAK', 'ប្រុស', '2/14/2008', 'សង្កាត់បឹងកេងកង១, ខណ្ឌបឹងកេងកង, រាជធានីភ្នំពេញ', 'សង្កាត់បឹងកេងកង១, ខណ្ឌបឹងកេងកង, រាជធានីភ្នំពេញ', 'យ៉ាន ហ៊ាន', 'ចាន់ សុខា', 'not', 'not', 'not', 'not', 'វិទ្យាសាស្ត្រសង្គម', '12', 'Active', 6, '2025-2026', 'default.png', NULL, NULL, NULL),
(164, 2317, 'S2026164', 'ឃុន ស្រីមុំ', 'KHUN SREYMOM', 'ស្រី', '11/20/2008', 'សង្កាត់ផ្សារកណ្ដាល២, ខណ្ឌដូនពេញ, រាជធានីភ្នំពេញ', 'សង្កាត់ផ្សារកណ្ដាល២, ខណ្ឌដូនពេញ, រាជធានីភ្នំពេញ', 'ឃុន សេង', 'មាស សុខា', 'not', 'not', 'not', 'not', 'វិទ្យាសាស្ត្រសង្គម', '12', 'Active', 6, '2025-2026', 'default.png', NULL, NULL, NULL),
(165, 2318, 'S2026165', 'សោម វិបុល', 'SOM VIBOL', 'ប្រុស', '6/5/2007', 'សង្កាត់ផ្សារដើមថ្កូវ, ខណ្ឌចំការមន, រាជធានីភ្នំពេញ', 'សង្កាត់ផ្សារដើមថ្កូវ, ខណ្ឌចំការមន, រាជធានីភ្នំពេញ', 'សោម សារ៉ន', 'អ៊ិត ភារី', 'not', 'not', 'not', 'not', 'វិទ្យាសាស្ត្រសង្គម', '12', 'Active', 6, '2025-2026', 'default.png', NULL, NULL, NULL),
(166, 2319, 'S2026166', 'ពេជ្រ ចាន់នី', 'PICH CHANNY', 'ស្រី', '9/12/2008', 'សង្កាត់ផ្សារដេប៉ូ១, ខណ្ឌទួលគោក, រាជធានីភ្នំពេញ', 'សង្កាត់ផ្សារដេប៉ូ១, ខណ្ឌទួលគោក, រាជធានីភ្នំពេញ', 'ពេជ្រ បូរ៉ា', 'ហ៊ឹម សុភី', 'not', 'not', 'not', 'not', 'វិទ្យាសាស្ត្រសង្គម', '12', 'Active', 6, '2025-2026', 'default.png', NULL, NULL, NULL),
(167, 2320, 'S2026167', 'លឹម សុខា', 'LIM SOKHA', 'ស្រី', '1/10/2009', 'សង្កាត់ព្រែកលៀប, ខណ្ឌជ្រោយចង្វារ, រាជធានីភ្នំពេញ', 'សង្កាត់ព្រែកលៀប, ខណ្ឌជ្រោយចង្វារ, រាជធានីភ្នំពេញ', 'លឹម ឡាយ', 'យ៉ន សុផល', 'not', 'not', 'not', 'not', 'វិទ្យាសាស្ត្រសង្គម', '12', 'Active', 6, '2025-2026', 'default.png', NULL, NULL, NULL);
INSERT INTO `students` (`id`, `user_id`, `student_id`, `full_name`, `full_name_en`, `gender`, `dob`, `pob`, `address`, `father_name`, `mother_name`, `father_job`, `mother_job`, `father_phone`, `mother_phone`, `stream`, `class_name`, `status`, `class_id`, `academic_year`, `photo`, `profile_img`, `phone`, `parent_phone`) VALUES
(168, 2321, 'S2026168', 'អ៊ិត សំណាង', 'IT SAMNANG', 'ប្រុស', '4/30/2008', 'សង្កាត់និរោធ, ខណ្ឌច្បារអំពៅ, រាជធានីភ្នំពេញ', 'សង្កាត់និរោធ, ខណ្ឌច្បារអំពៅ, រាជធានីភ្នំពេញ', 'អ៊ិត ហុង', 'លី សារ៉េត', 'not', 'not', 'not', 'not', 'វិទ្យាសាស្ត្រសង្គម', '12', 'Active', 6, '2025-2026', 'default.png', NULL, NULL, NULL),
(169, 2322, 'S2026169', 'ម៉ៅ សុភ័ក្រ', 'MAO SOPHEAK', 'ស្រី', '8/18/2008', 'សង្កាត់ចោមចៅ៣, ខណ្ឌពោធិ៍សែនជ័យ, រាជធានីភ្នំពេញ', 'សង្កាត់ចោមចៅ៣, ខណ្ឌពោធិ៍សែនជ័យ, រាជធានីភ្នំពេញ', 'ម៉ៅ វឿន', 'ស៊ន សារី', 'not', 'not', 'not', 'not', 'វិទ្យាសាស្ត្រសង្គម', '12', 'Active', 6, '2025-2026', 'default.png', NULL, NULL, NULL),
(170, 2323, 'S2026170', 'ហ៊ាន វណ្ណឌី', 'HEAN VANNDY', 'ប្រុស', '12/5/2009', 'សង្កាត់គោកឃ្លាង, ខណ្ឌសែនសុខ, រាជធានីភ្នំពេញ', 'សង្កាត់គោកឃ្លាង, ខណ្ឌសែនសុខ, រាជធានីភ្នំពេញ', 'ហ៊ាន រ៉េត', 'សោម ស្រីមុំ', 'not', 'not', 'not', 'not', 'វិទ្យាសាស្ត្រសង្គម', '12', 'Active', 6, '2025-2026', 'default.png', NULL, NULL, NULL),
(171, 2324, 'S2026171', 'ហេង សុគន្ធា', 'HENG SOKUNTHEA', 'ស្រី', '3/15/2008', 'សង្កាត់ចតុមុខ, ខណ្ឌដូនពេញ, រាជធានីភ្នំពេញ', 'សង្កាត់ចតុមុខ, ខណ្ឌដូនពេញ, រាជធានីភ្នំពេញ', 'ហេង ផល', 'ស្រី មុំ', 'not', 'not', 'not', 'not', 'វិទ្យាសាស្ត្រសង្គម', '12', 'Active', 6, '2025-2026', 'default.png', NULL, NULL, NULL),
(172, 2325, 'S2026172', 'ស៊ន វិសាល', 'SORN VISAL', 'ប្រុស', '7/22/2008', 'សង្កាត់បឹងរាំង, ខណ្ឌដូនពេញ, រាជធានីភ្នំពេញ', 'សង្កាត់បឹងរាំង, ខណ្ឌដូនពេញ, រាជធានីភ្នំពេញ', 'ស៊ន ជា', 'ចាន់ ណារី', 'not', 'not', 'not', 'not', 'វិទ្យាសាស្ត្រសង្គម', '12', 'Active', 6, '2025-2026', 'default.png', NULL, NULL, NULL),
(173, 2326, 'S2026173', 'ម៉ែន ស្រីឡែន', 'MEN SREYLEN', 'ស្រី', '10/10/2007', 'សង្កាត់វាលវង់, ខណ្ឌ៧មករា, រាជធានីភ្នំពេញ', 'សង្កាត់វាលវង់, ខណ្ឌ៧មករា, រាជធានីភ្នំពេញ', 'ម៉ែន សំ', 'មាស ផានិត', 'not', 'not', 'not', 'not', 'វិទ្យាសាស្ត្រសង្គម', '12', 'Active', 6, '2025-2026', 'default.png', NULL, NULL, NULL),
(174, 2327, 'S2026174', 'ញ៉ែម បញ្ញា', 'NYEM PANHA', 'ប្រុស', '5/8/2008', 'សង្កាត់បឹងទំពុន១, ខណ្ឌមានជ័យ, រាជធានីភ្នំពេញ', 'សង្កាត់បឹងទំពុន១, ខណ្ឌមានជ័យ, រាជធានីភ្នំពេញ', 'ញ៉ែម សេង', 'សួស សុភី', 'not', 'not', 'not', 'not', 'វិទ្យាសាស្ត្រសង្គម', '12', 'Active', 6, '2025-2026', 'default.png', NULL, NULL, NULL),
(175, 2328, 'S2026175', 'សិត ម៉ារី', 'SIT MARY', 'ស្រី', '11/25/2009', 'សង្កាត់ទឹកថ្លា, ខណ្ឌសែនសុខ, រាជធានីភ្នំពេញ', 'សង្កាត់ទឹកថ្លា, ខណ្ឌសែនសុខ, រាជធានីភ្នំពេញ', 'សិត សុខ', 'មាស ផល្លា', 'not', 'not', 'not', 'not', 'វិទ្យាសាស្ត្រសង្គម', '12', 'Active', 6, '2025-2026', 'default.png', NULL, NULL, NULL),
(176, 2329, 'S2026176', 'ង៉ែត វិបុល', 'NGET VIBOL', 'ប្រុស', '6/12/2006', 'សង្កាត់ចាក់អង្រែលើ, ខណ្ឌមានជ័យ, រាជធានីភ្នំពេញ', 'សង្កាត់ចាក់អង្រែលើ, ខណ្ឌមានជ័យ, រាជធានីភ្នំពេញ', 'ង៉ែត វណ្ណា', 'ស៊ន សារ៉េត', 'not', 'not', 'not', 'not', 'វិទ្យាសាស្ត្រសង្គម', '12', 'Active', 6, '2025-2026', 'default.png', NULL, NULL, NULL),
(177, 2330, 'S2026177', 'ប៊ុន សុភ័ក្ត្រ', 'BUN SOPHEAK', 'ស្រី', '2/19/2008', 'សង្កាត់បឹងសាឡាង, ខណ្ឌទួលគោក, រាជធានីភ្នំពេញ', 'សង្កាត់បឹងសាឡាង, ខណ្ឌទួលគោក, រាជធានីភ្នំពេញ', 'ប៊ុន ជឿន', 'សុខ សារ៉ាន', 'not', 'not', 'not', 'not', 'វិទ្យាសាស្ត្រសង្គម', '12', 'Active', 6, '2025-2026', 'default.png', NULL, NULL, NULL),
(178, 2331, 'S2026178', 'ហូ សុខហេង', 'HO SOKHENG', 'ប្រុស', '4/14/2006', 'សង្កាត់ផ្សារកណ្ដាល១, ខណ្ឌដូនពេញ, រាជធានីភ្នំពេញ', 'សង្កាត់ផ្សារកណ្ដាល១, ខណ្ឌដូនពេញ, រាជធានីភ្នំពេញ', 'ហូ វ៉ន', 'មាស សុខា', 'not', 'not', 'not', 'not', 'វិទ្យាសាស្ត្រសង្គម', '12', 'Active', 6, '2025-2026', 'default.png', NULL, NULL, NULL),
(179, 2332, 'S2026179', 'ហ៊ឹម ស្រីនាង', 'HIM SREYNEANG', 'ស្រី', '8/30/2006', 'សង្កាត់កាកាប២, ខណ្ឌពោធិ៍សែនជ័យ, រាជធានីភ្នំពេញ', 'សង្កាត់កាកាប២, ខណ្ឌពោធិ៍សែនជ័យ, រាជធានីភ្នំពេញ', 'ហ៊ឹម យ៉ាន', 'លី សុភ័ក្រ', 'not', 'not', 'not', 'not', 'វិទ្យាសាស្ត្រសង្គម', '12', 'Active', 6, '2025-2026', 'default.png', NULL, NULL, NULL),
(180, 2333, 'S2026180', 'ឃុត វិសាល', 'KHUT VISAL', 'ប្រុស', '2026-02-20', 'សង្កាត់រកាខ្ពស់, ក្រុងតាខ្មៅ, ខេត្តកណ្ដាល', 'សង្កាត់បឹងទំពុន១, ខណ្ឌមានជ័យ, រាជធានីភ្នំពេញ', 'ឃុត ជឿន', 'ចាន់ សុផល', 'not', 'not', 'not', 'not', 'វិទ្យាសាស្ត្រសង្គម', '12', 'កំពុងរៀន', 6, '2025-2026', 'default.png', NULL, '', ''),
(181, 2334, 'B20234888', 'ជា ឧត្តម', 'CHEA OUDOM', 'ប្រុស', '2004-12-24', 'ព្រែកទាល់, ស្ទឹងមានជ័យ, មានជ័យ, ភ្នំពេញ', 'dd, dd, dd, dd', 'ជា​ រិទ្ធី', 'ទុយ សុភាព', 'Flying', 'sleep', NULL, NULL, NULL, '7', 'កំពុងរៀន', 1, '2025-2026', 'default.png', NULL, '0968263627', '0968262627');

-- --------------------------------------------------------

--
-- Table structure for table `subjects`
--

CREATE TABLE `subjects` (
  `id` int(11) NOT NULL,
  `subject_name` varchar(100) DEFAULT NULL,
  `teacher_id` varchar(20) DEFAULT NULL
) ENGINE=InnoDB DEFAULT CHARSET=utf8;

--
-- Dumping data for table `subjects`
--

INSERT INTO `subjects` (`id`, `subject_name`, `teacher_id`) VALUES
(1, 'អក្សរសាស្ត្រខ្មែរ', '1'),
(2, 'គណិតវិទ្យា', '2'),
(3, 'រូបវិទ្យា', '3'),
(4, 'គីមីវិទ្យា', '4'),
(5, 'ជីវវិទ្យា', '5'),
(6, 'ប្រវត្តិវិទ្យា', '6'),
(7, 'ផែនដីវិទ្យា', '7');

-- --------------------------------------------------------

--
-- Table structure for table `teachers`
--

CREATE TABLE `teachers` (
  `teacher_id` varchar(50) NOT NULL,
  `user_id` int(11) DEFAULT NULL,
  `full_name` varchar(255) DEFAULT NULL,
  `subjects` varchar(255) DEFAULT NULL,
  `phone` varchar(20) DEFAULT NULL,
  `profile_image` varchar(255) DEFAULT 'default_user.png'
) ENGINE=InnoDB DEFAULT CHARSET=utf8;

--
-- Dumping data for table `teachers`
--

INSERT INTO `teachers` (`teacher_id`, `user_id`, `full_name`, `subjects`, `phone`, `profile_image`) VALUES
('1', 13, 'ជា ឧត្តម', 'អក្សរសាស្ត្រខ្មែរ', '0968263627', 'T_1_1770036840.png'),
('2', 2, 'ចាន់ ថា', 'គណិតវិទ្យា', '0968263600', 'T_2_1770036821.avif'),
('3', 730, 'លោកគ្រូ ហេង ឡុង', 'រូបវិទ្យា', '090222290', 'T_3_1770036739.png'),
('4', 731, 'អ្នកគ្រូ ម៉ារី យ៉ា', 'គីមីវិទ្យា', '0887777112', 'T_4_1770036809.avif'),
('5', 732, 'លោកគ្រូ វណ្ណឌី', 'ជីវវិទ្យា', '012222229', 'T_5_1770036722.png'),
('6', 733, 'អ្នកគ្រូ ស្រីមុំ', 'ប្រវត្តិវិទ្យា', '077898900', 'T_6_1770036695.avif'),
('7', 734, 'លោកគ្រូ រតនា', 'ផែនដីវិទ្យា', '012999911', 'T_7_1770036731.png');

-- --------------------------------------------------------

--
-- Table structure for table `teacher_assignments`
--

CREATE TABLE `teacher_assignments` (
  `id` int(11) NOT NULL,
  `teacher_id` int(11) NOT NULL,
  `class_id` int(11) NOT NULL,
  `subject_id` int(11) NOT NULL
) ENGINE=InnoDB DEFAULT CHARSET=utf8mb4;

--
-- Dumping data for table `teacher_assignments`
--

INSERT INTO `teacher_assignments` (`id`, `teacher_id`, `class_id`, `subject_id`) VALUES
(1, 1, 1, 1);

-- --------------------------------------------------------

--
-- Table structure for table `timetable`
--

CREATE TABLE `timetable` (
  `id` int(11) NOT NULL,
  `day_of_week` varchar(50) COLLATE utf8mb4_unicode_ci NOT NULL,
  `start_time` time NOT NULL,
  `end_time` time NOT NULL,
  `room_number` varchar(50) COLLATE utf8mb4_unicode_ci DEFAULT NULL,
  `academic_year` varchar(20) COLLATE utf8mb4_unicode_ci DEFAULT '2025-2026',
  `subject_id` int(11) DEFAULT NULL,
  `teacher_id` int(11) DEFAULT NULL,
  `class_id` int(11) DEFAULT NULL,
  `is_deleted` tinyint(1) DEFAULT '0'
) ENGINE=InnoDB DEFAULT CHARSET=utf8mb4 COLLATE=utf8mb4_unicode_ci;

--
-- Dumping data for table `timetable`
--

INSERT INTO `timetable` (`id`, `day_of_week`, `start_time`, `end_time`, `room_number`, `academic_year`, `subject_id`, `teacher_id`, `class_id`, `is_deleted`) VALUES
(1, 'ច័ន្ទ', '07:00:00', '07:50:00', '9A', '2025-2026', 1, 1, 1, 0),
(2, 'ច័ន្ទ', '08:00:00', '08:50:00', '9A', '2025-2026', 2, 2, 1, 0),
(3, 'ច័ន្ទ', '09:00:00', '09:50:00', '9A', '2025-2026', 3, 3, 1, 0),
(4, 'ច័ន្ទ', '10:00:00', '10:50:00', '9A', '2025-2026', 4, 4, 1, 0),
(5, 'អង្គារ', '07:00:00', '07:50:00', '9A', '2025-2026', 5, 5, 1, 0),
(6, 'អង្គារ', '08:00:00', '08:50:00', '9A', '2025-2026', 3, 3, 1, 0),
(7, 'អង្គារ', '09:00:00', '09:50:00', '9A', '2025-2026', 2, 2, 1, 0),
(8, 'អង្គារ', '10:00:00', '10:50:00', '9A', '2025-2026', 1, 1, 1, 0),
(9, 'ពុធ', '07:00:00', '07:50:00', '9A', '2025-2026', 3, 3, 1, 0),
(10, 'ពុធ', '08:00:00', '08:50:00', '9A', '2025-2026', 2, 2, 1, 0),
(11, 'ពុធ', '09:00:00', '09:50:00', '9A', '2025-2026', 4, 4, 1, 0),
(12, 'ពុធ', '10:00:00', '10:50:00', '9A', '2025-2026', 2, 2, 1, 0),
(13, 'ព្រហស្បតិ៍', '07:00:00', '07:50:00', '9A', '2025-2026', 3, 3, 1, 0),
(14, 'ព្រហស្បតិ៍', '08:00:00', '08:50:00', '9A', '2025-2026', 1, 1, 1, 0),
(15, 'ព្រហស្បតិ៍', '09:00:00', '09:50:00', '9A', '2025-2026', 5, 5, 1, 0),
(16, 'ព្រហស្បតិ៍', '10:00:00', '10:50:00', '9A', '2025-2026', 6, 6, 1, 0),
(17, 'សុក្រ', '07:00:00', '07:50:00', '9A', '2025-2026', 7, 7, 1, 0),
(18, 'សុក្រ', '08:00:00', '08:50:00', '9A', '2025-2026', 1, 1, 1, 0),
(19, 'សុក្រ', '09:00:00', '09:50:00', '9A', '2025-2026', 2, 2, 1, 0),
(20, 'សុក្រ', '10:00:00', '10:50:00', '9A', '2025-2026', 3, 3, 1, 0),
(21, 'សៅរ៏', '07:00:00', '07:50:00', '9A', '2025-2026', 4, 4, 1, 0),
(22, 'សៅរ៏', '08:00:00', '08:50:00', '9A', '2025-2026', 5, 5, 1, 0),
(23, 'សៅរ៏', '09:00:00', '09:50:00', '9A', '2025-2026', 6, 6, 1, 0),
(24, 'សៅរ៏', '10:00:00', '10:50:00', '9A', '2025-2026', 7, 7, 1, 0),
(25, 'ច័ន្ទ', '07:00:00', '07:50:00', '9A', '2025-2026', 1, 1, 2, 0),
(26, 'ច័ន្ទ', '08:00:00', '08:50:00', '9A', '2025-2026', 2, 2, 2, 0),
(27, 'ច័ន្ទ', '09:00:00', '09:50:00', '9A', '2025-2026', 3, 3, 2, 0),
(28, 'ច័ន្ទ', '10:00:00', '10:50:00', '9A', '2025-2026', 4, 4, 2, 0),
(29, 'អង្គារ', '07:00:00', '07:50:00', '9A', '2025-2026', 5, 5, 2, 0),
(30, 'អង្គារ', '08:00:00', '08:50:00', '9A', '2025-2026', 3, 3, 2, 0),
(31, 'អង្គារ', '09:00:00', '09:50:00', '9A', '2025-2026', 2, 2, 2, 0),
(32, 'អង្គារ', '10:00:00', '10:50:00', '9A', '2025-2026', 1, 1, 2, 0),
(33, 'ពុធ', '07:00:00', '07:50:00', '9A', '2025-2026', 3, 3, 2, 0),
(34, 'ពុធ', '08:00:00', '08:50:00', '9A', '2025-2026', 2, 2, 2, 0),
(35, 'ពុធ', '09:00:00', '09:50:00', '9A', '2025-2026', 4, 4, 2, 0),
(36, 'ពុធ', '10:00:00', '10:50:00', '9A', '2025-2026', 2, 2, 2, 0),
(37, 'ព្រហស្បតិ៍', '07:00:00', '07:50:00', '9A', '2025-2026', 3, 3, 2, 0),
(38, 'ព្រហស្បតិ៍', '08:00:00', '08:50:00', '9A', '2025-2026', 1, 1, 2, 0),
(39, 'ព្រហស្បតិ៍', '09:00:00', '09:50:00', '9A', '2025-2026', 5, 5, 2, 0),
(40, 'ព្រហស្បតិ៍', '10:00:00', '10:50:00', '9A', '2025-2026', 6, 6, 2, 0),
(41, 'សុក្រ', '07:00:00', '07:50:00', '9A', '2025-2026', 7, 7, 2, 0),
(42, 'សុក្រ', '08:00:00', '08:50:00', '9A', '2025-2026', 1, 1, 2, 0),
(43, 'សុក្រ', '09:00:00', '09:50:00', '9A', '2025-2026', 2, 2, 2, 0),
(44, 'សុក្រ', '10:00:00', '10:50:00', '9A', '2025-2026', 3, 3, 2, 0),
(45, 'សៅរ៏', '07:00:00', '07:50:00', '9A', '2025-2026', 4, 4, 2, 0),
(46, 'សៅរ៏', '08:00:00', '08:50:00', '9A', '2025-2026', 5, 5, 2, 0),
(47, 'សៅរ៏', '09:00:00', '09:50:00', '9A', '2025-2026', 6, 6, 2, 0),
(48, 'សៅរ៏', '10:00:00', '10:50:00', '9A', '2025-2026', 7, 7, 2, 0),
(49, 'ច័ន្ទ', '07:00:00', '07:50:00', '9A', '2025-2026', 1, 1, 3, 0),
(50, 'ច័ន្ទ', '08:00:00', '08:50:00', '9A', '2025-2026', 2, 2, 3, 0),
(51, 'ច័ន្ទ', '09:00:00', '09:50:00', '9A', '2025-2026', 3, 3, 3, 0),
(52, 'ច័ន្ទ', '10:00:00', '10:50:00', '9A', '2025-2026', 4, 4, 3, 0),
(53, 'អង្គារ', '07:00:00', '07:50:00', '9A', '2025-2026', 5, 5, 3, 0),
(54, 'អង្គារ', '08:00:00', '08:50:00', '9A', '2025-2026', 3, 3, 3, 0),
(55, 'អង្គារ', '09:00:00', '09:50:00', '9A', '2025-2026', 2, 2, 3, 0),
(56, 'អង្គារ', '10:00:00', '10:50:00', '9A', '2025-2026', 1, 1, 3, 0),
(57, 'ពុធ', '07:00:00', '07:50:00', '9A', '2025-2026', 3, 3, 3, 0),
(58, 'ពុធ', '08:00:00', '08:50:00', '9A', '2025-2026', 2, 2, 3, 0),
(59, 'ពុធ', '09:00:00', '09:50:00', '9A', '2025-2026', 4, 4, 3, 0),
(60, 'ពុធ', '10:00:00', '10:50:00', '9A', '2025-2026', 2, 2, 3, 0),
(61, 'ព្រហស្បតិ៍', '07:00:00', '07:50:00', '9A', '2025-2026', 3, 3, 3, 0),
(62, 'ព្រហស្បតិ៍', '08:00:00', '08:50:00', '9A', '2025-2026', 1, 1, 3, 0),
(63, 'ព្រហស្បតិ៍', '09:00:00', '09:50:00', '9A', '2025-2026', 5, 5, 3, 0),
(64, 'ព្រហស្បតិ៍', '10:00:00', '10:50:00', '9A', '2025-2026', 6, 6, 3, 0),
(65, 'សុក្រ', '07:00:00', '07:50:00', '9A', '2025-2026', 7, 7, 3, 0),
(66, 'សុក្រ', '08:00:00', '08:50:00', '9A', '2025-2026', 1, 1, 3, 0),
(67, 'សុក្រ', '09:00:00', '09:50:00', '9A', '2025-2026', 2, 2, 3, 0),
(68, 'សុក្រ', '10:00:00', '10:50:00', '9A', '2025-2026', 3, 3, 3, 0),
(69, 'សៅរ៏', '07:00:00', '07:50:00', '9A', '2025-2026', 4, 4, 3, 0),
(70, 'សៅរ៏', '08:00:00', '08:50:00', '9A', '2025-2026', 5, 5, 3, 0),
(71, 'សៅរ៏', '09:00:00', '09:50:00', '9A', '2025-2026', 6, 6, 3, 0),
(72, 'សៅរ៏', '10:00:00', '10:50:00', '9A', '2025-2026', 7, 7, 3, 0),
(73, 'ច័ន្ទ', '07:00:00', '07:50:00', '9A', '2025-2026', 1, 1, 4, 0),
(74, 'ច័ន្ទ', '08:00:00', '08:50:00', '9A', '2025-2026', 2, 2, 4, 0),
(75, 'ច័ន្ទ', '09:00:00', '09:50:00', '9A', '2025-2026', 3, 3, 4, 0),
(76, 'ច័ន្ទ', '10:00:00', '10:50:00', '9A', '2025-2026', 4, 4, 4, 0),
(77, 'អង្គារ', '07:00:00', '07:50:00', '9A', '2025-2026', 5, 5, 4, 0),
(78, 'អង្គារ', '08:00:00', '08:50:00', '9A', '2025-2026', 3, 3, 4, 0),
(79, 'អង្គារ', '09:00:00', '09:50:00', '9A', '2025-2026', 2, 2, 4, 0),
(80, 'អង្គារ', '10:00:00', '10:50:00', '9A', '2025-2026', 1, 1, 4, 0),
(81, 'ពុធ', '07:00:00', '07:50:00', '9A', '2025-2026', 3, 3, 4, 0),
(82, 'ពុធ', '08:00:00', '08:50:00', '9A', '2025-2026', 2, 2, 4, 0),
(83, 'ពុធ', '09:00:00', '09:50:00', '9A', '2025-2026', 4, 4, 4, 0),
(84, 'ពុធ', '10:00:00', '10:50:00', '9A', '2025-2026', 2, 2, 4, 0),
(85, 'ព្រហស្បតិ៍', '07:00:00', '07:50:00', '9A', '2025-2026', 3, 3, 4, 0),
(86, 'ព្រហស្បតិ៍', '08:00:00', '08:50:00', '9A', '2025-2026', 1, 1, 4, 0),
(87, 'ព្រហស្បតិ៍', '09:00:00', '09:50:00', '9A', '2025-2026', 5, 5, 4, 0),
(88, 'ព្រហស្បតិ៍', '10:00:00', '10:50:00', '9A', '2025-2026', 6, 6, 4, 0),
(89, 'សុក្រ', '07:00:00', '07:50:00', '9A', '2025-2026', 7, 7, 4, 0),
(90, 'សុក្រ', '08:00:00', '08:50:00', '9A', '2025-2026', 1, 1, 4, 0),
(91, 'សុក្រ', '09:00:00', '09:50:00', '9A', '2025-2026', 2, 2, 4, 0),
(92, 'សុក្រ', '10:00:00', '10:50:00', '9A', '2025-2026', 3, 3, 4, 0),
(93, 'សៅរ៏', '07:00:00', '07:50:00', '9A', '2025-2026', 4, 4, 4, 0),
(94, 'សៅរ៏', '08:00:00', '08:50:00', '9A', '2025-2026', 5, 5, 4, 0),
(95, 'សៅរ៏', '09:00:00', '09:50:00', '9A', '2025-2026', 6, 6, 4, 0),
(96, 'សៅរ៏', '10:00:00', '10:50:00', '9A', '2025-2026', 7, 7, 4, 0),
(97, 'ច័ន្ទ', '07:00:00', '07:50:00', '9A', '2025-2026', 1, 1, 5, 0),
(98, 'ច័ន្ទ', '08:00:00', '08:50:00', '9A', '2025-2026', 2, 2, 5, 0),
(99, 'ច័ន្ទ', '09:00:00', '09:50:00', '9A', '2025-2026', 3, 3, 5, 0),
(100, 'ច័ន្ទ', '10:00:00', '10:50:00', '9A', '2025-2026', 4, 4, 5, 0),
(101, 'អង្គារ', '07:00:00', '07:50:00', '9A', '2025-2026', 5, 5, 5, 0),
(102, 'អង្គារ', '08:00:00', '08:50:00', '9A', '2025-2026', 3, 3, 5, 0),
(103, 'អង្គារ', '09:00:00', '09:50:00', '9A', '2025-2026', 2, 2, 5, 0),
(104, 'អង្គារ', '10:00:00', '10:50:00', '9A', '2025-2026', 1, 1, 5, 0),
(105, 'ពុធ', '07:00:00', '07:50:00', '9A', '2025-2026', 3, 3, 5, 0),
(106, 'ពុធ', '08:00:00', '08:50:00', '9A', '2025-2026', 2, 2, 5, 0),
(107, 'ពុធ', '09:00:00', '09:50:00', '9A', '2025-2026', 4, 4, 5, 0),
(108, 'ពុធ', '10:00:00', '10:50:00', '9A', '2025-2026', 2, 2, 5, 0),
(109, 'ព្រហស្បតិ៍', '07:00:00', '07:50:00', '9A', '2025-2026', 3, 3, 5, 0),
(110, 'ព្រហស្បតិ៍', '08:00:00', '08:50:00', '9A', '2025-2026', 1, 1, 5, 0),
(111, 'ព្រហស្បតិ៍', '09:00:00', '09:50:00', '9A', '2025-2026', 5, 5, 5, 0),
(112, 'ព្រហស្បតិ៍', '10:00:00', '10:50:00', '9A', '2025-2026', 6, 6, 5, 0),
(113, 'សុក្រ', '07:00:00', '07:50:00', '9A', '2025-2026', 7, 7, 5, 0),
(114, 'សុក្រ', '08:00:00', '08:50:00', '9A', '2025-2026', 1, 1, 5, 0),
(115, 'សុក្រ', '09:00:00', '09:50:00', '9A', '2025-2026', 2, 2, 5, 0),
(116, 'សុក្រ', '10:00:00', '10:50:00', '9A', '2025-2026', 3, 3, 5, 0),
(117, 'សៅរ៏', '07:00:00', '07:50:00', '9A', '2025-2026', 4, 4, 5, 0),
(118, 'សៅរ៏', '08:00:00', '08:50:00', '9A', '2025-2026', 5, 5, 5, 0),
(119, 'សៅរ៏', '09:00:00', '09:50:00', '9A', '2025-2026', 6, 6, 5, 0),
(120, 'សៅរ៏', '10:00:00', '10:50:00', '9A', '2025-2026', 7, 7, 5, 0),
(121, 'ច័ន្ទ', '07:00:00', '07:50:00', '9A', '2025-2026', 1, 1, 6, 0),
(122, 'ច័ន្ទ', '08:00:00', '08:50:00', '9A', '2025-2026', 2, 2, 6, 0),
(123, 'ច័ន្ទ', '09:00:00', '09:50:00', '9A', '2025-2026', 3, 3, 6, 0),
(124, 'ច័ន្ទ', '10:00:00', '10:50:00', '9A', '2025-2026', 4, 4, 6, 0),
(125, 'អង្គារ', '07:00:00', '07:50:00', '9A', '2025-2026', 5, 5, 6, 0),
(126, 'អង្គារ', '08:00:00', '08:50:00', '9A', '2025-2026', 3, 3, 6, 0),
(127, 'អង្គារ', '09:00:00', '09:50:00', '9A', '2025-2026', 2, 2, 6, 0),
(128, 'អង្គារ', '10:00:00', '10:50:00', '9A', '2025-2026', 1, 1, 6, 0),
(129, 'ពុធ', '07:00:00', '07:50:00', '9A', '2025-2026', 3, 3, 6, 0),
(130, 'ពុធ', '08:00:00', '08:50:00', '9A', '2025-2026', 2, 2, 6, 0),
(131, 'ពុធ', '09:00:00', '09:50:00', '9A', '2025-2026', 4, 4, 6, 0),
(132, 'ពុធ', '10:00:00', '10:50:00', '9A', '2025-2026', 2, 2, 6, 0),
(133, 'ព្រហស្បតិ៍', '07:00:00', '07:50:00', '9A', '2025-2026', 3, 3, 6, 0),
(134, 'ព្រហស្បតិ៍', '08:00:00', '08:50:00', '9A', '2025-2026', 1, 1, 6, 0),
(135, 'ព្រហស្បតិ៍', '09:00:00', '09:50:00', '9A', '2025-2026', 5, 5, 6, 0),
(136, 'ព្រហស្បតិ៍', '10:00:00', '10:50:00', '9A', '2025-2026', 6, 6, 6, 0),
(137, 'សុក្រ', '07:00:00', '07:50:00', '9A', '2025-2026', 7, 7, 6, 0),
(138, 'សុក្រ', '08:00:00', '08:50:00', '9A', '2025-2026', 1, 1, 6, 0),
(139, 'សុក្រ', '09:00:00', '09:50:00', '9A', '2025-2026', 2, 2, 6, 0),
(140, 'សុក្រ', '10:00:00', '10:50:00', '9A', '2025-2026', 3, 3, 6, 0),
(141, 'សៅរ៏', '07:00:00', '07:50:00', '9A', '2025-2026', 4, 4, 6, 0),
(142, 'សៅរ៏', '08:00:00', '08:50:00', '9A', '2025-2026', 5, 5, 6, 0),
(143, 'សៅរ៏', '09:00:00', '09:50:00', '9A', '2025-2026', 6, 6, 6, 0),
(144, 'សៅរ៏', '10:00:00', '10:50:00', '9A', '2025-2026', 7, 7, 6, 0),
(145, 'ច័ន្ទ', '07:00:00', '07:50:00', '9A', '2025-2026', 1, 1, 7, 0),
(146, 'ច័ន្ទ', '08:00:00', '08:50:00', '9A', '2025-2026', 2, 2, 7, 0),
(147, 'ច័ន្ទ', '09:00:00', '09:50:00', '9A', '2025-2026', 3, 3, 7, 0),
(148, 'ច័ន្ទ', '10:00:00', '10:50:00', '9A', '2025-2026', 4, 4, 7, 0),
(149, 'អង្គារ', '07:00:00', '07:50:00', '9A', '2025-2026', 5, 5, 7, 0),
(150, 'អង្គារ', '08:00:00', '08:50:00', '9A', '2025-2026', 3, 3, 7, 0),
(151, 'អង្គារ', '09:00:00', '09:50:00', '9A', '2025-2026', 2, 2, 7, 0),
(152, 'អង្គារ', '10:00:00', '10:50:00', '9A', '2025-2026', 1, 1, 7, 0),
(153, 'ពុធ', '07:00:00', '07:50:00', '9A', '2025-2026', 3, 3, 7, 0),
(154, 'ពុធ', '08:00:00', '08:50:00', '9A', '2025-2026', 2, 2, 7, 0),
(155, 'ពុធ', '09:00:00', '09:50:00', '9A', '2025-2026', 4, 4, 7, 0),
(156, 'ពុធ', '10:00:00', '10:50:00', '9A', '2025-2026', 2, 2, 7, 0),
(157, 'ព្រហស្បតិ៍', '07:00:00', '07:50:00', '9A', '2025-2026', 3, 3, 7, 0),
(158, 'ព្រហស្បតិ៍', '08:00:00', '08:50:00', '9A', '2025-2026', 1, 1, 7, 0),
(159, 'ព្រហស្បតិ៍', '09:00:00', '09:50:00', '9A', '2025-2026', 5, 5, 7, 0),
(160, 'ព្រហស្បតិ៍', '10:00:00', '10:50:00', '9A', '2025-2026', 6, 6, 7, 0),
(161, 'សុក្រ', '07:00:00', '07:50:00', '9A', '2025-2026', 7, 7, 7, 0),
(162, 'សុក្រ', '08:00:00', '08:50:00', '9A', '2025-2026', 1, 1, 7, 0),
(163, 'សុក្រ', '09:00:00', '09:50:00', '9A', '2025-2026', 2, 2, 7, 0),
(164, 'សុក្រ', '10:00:00', '10:50:00', '9A', '2025-2026', 3, 3, 7, 0),
(165, 'សៅរ៏', '07:00:00', '07:50:00', '9A', '2025-2026', 4, 4, 7, 0),
(166, 'សៅរ៏', '08:00:00', '08:50:00', '9A', '2025-2026', 5, 5, 7, 0),
(167, 'សៅរ៏', '09:00:00', '09:50:00', '9A', '2025-2026', 6, 6, 7, 0),
(168, 'សៅរ៏', '10:00:00', '10:50:00', '9A', '2025-2026', 7, 7, 7, 0),
(169, 'ច័ន្ទ', '07:00:00', '07:50:00', '9A', '2025-2026', 1, 1, 8, 0),
(170, 'ច័ន្ទ', '08:00:00', '08:50:00', '9A', '2025-2026', 2, 2, 8, 0),
(171, 'ច័ន្ទ', '09:00:00', '09:50:00', '9A', '2025-2026', 3, 3, 8, 0),
(172, 'ច័ន្ទ', '10:00:00', '10:50:00', '9A', '2025-2026', 4, 4, 8, 0),
(173, 'អង្គារ', '07:00:00', '07:50:00', '9A', '2025-2026', 5, 5, 8, 0),
(174, 'អង្គារ', '08:00:00', '08:50:00', '9A', '2025-2026', 3, 3, 8, 0),
(175, 'អង្គារ', '09:00:00', '09:50:00', '9A', '2025-2026', 2, 2, 8, 0),
(176, 'អង្គារ', '10:00:00', '10:50:00', '9A', '2025-2026', 1, 1, 8, 0),
(177, 'ពុធ', '07:00:00', '07:50:00', '9A', '2025-2026', 3, 3, 8, 0),
(178, 'ពុធ', '08:00:00', '08:50:00', '9A', '2025-2026', 2, 2, 8, 0),
(179, 'ពុធ', '09:00:00', '09:50:00', '9A', '2025-2026', 4, 4, 8, 0),
(180, 'ពុធ', '10:00:00', '10:50:00', '9A', '2025-2026', 2, 2, 8, 0),
(181, 'ព្រហស្បតិ៍', '07:00:00', '07:50:00', '9A', '2025-2026', 3, 3, 8, 0),
(182, 'ព្រហស្បតិ៍', '08:00:00', '08:50:00', '9A', '2025-2026', 1, 1, 8, 0),
(183, 'ព្រហស្បតិ៍', '09:00:00', '09:50:00', '9A', '2025-2026', 5, 5, 8, 0),
(184, 'ព្រហស្បតិ៍', '10:00:00', '10:50:00', '9A', '2025-2026', 6, 6, 8, 0),
(185, 'សុក្រ', '07:00:00', '07:50:00', '9A', '2025-2026', 7, 7, 8, 0),
(186, 'សុក្រ', '08:00:00', '08:50:00', '9A', '2025-2026', 1, 1, 8, 0),
(187, 'សុក្រ', '09:00:00', '09:50:00', '9A', '2025-2026', 2, 2, 8, 0),
(188, 'សុក្រ', '10:00:00', '10:50:00', '9A', '2025-2026', 3, 3, 8, 0),
(189, 'សៅរ៏', '07:00:00', '07:50:00', '9A', '2025-2026', 4, 4, 8, 0),
(190, 'សៅរ៏', '08:00:00', '08:50:00', '9A', '2025-2026', 5, 5, 8, 0),
(191, 'សៅរ៏', '09:00:00', '09:50:00', '9A', '2025-2026', 6, 6, 8, 0),
(192, 'សៅរ៏', '10:00:00', '10:50:00', '9A', '2025-2026', 7, 7, 8, 0),
(193, 'ច័ន្ទ', '07:00:00', '07:50:00', '9A', '2025-2026', 1, 1, 9, 0),
(194, 'ច័ន្ទ', '08:00:00', '08:50:00', '9A', '2025-2026', 2, 2, 9, 0),
(195, 'ច័ន្ទ', '09:00:00', '09:50:00', '9A', '2025-2026', 3, 3, 9, 0),
(196, 'ច័ន្ទ', '10:00:00', '10:50:00', '9A', '2025-2026', 4, 4, 9, 0),
(197, 'អង្គារ', '07:00:00', '07:50:00', '9A', '2025-2026', 5, 5, 9, 0),
(198, 'អង្គារ', '08:00:00', '08:50:00', '9A', '2025-2026', 3, 3, 9, 0),
(199, 'អង្គារ', '09:00:00', '09:50:00', '9A', '2025-2026', 2, 2, 9, 0),
(200, 'អង្គារ', '10:00:00', '10:50:00', '9A', '2025-2026', 1, 1, 9, 0),
(201, 'ពុធ', '07:00:00', '07:50:00', '9A', '2025-2026', 3, 3, 9, 0),
(202, 'ពុធ', '08:00:00', '08:50:00', '9A', '2025-2026', 2, 2, 9, 0),
(203, 'ពុធ', '09:00:00', '09:50:00', '9A', '2025-2026', 4, 4, 9, 0),
(204, 'ពុធ', '10:00:00', '10:50:00', '9A', '2025-2026', 2, 2, 9, 0),
(205, 'ព្រហស្បតិ៍', '07:00:00', '07:50:00', '9A', '2025-2026', 3, 3, 9, 0),
(206, 'ព្រហស្បតិ៍', '08:00:00', '08:50:00', '9A', '2025-2026', 1, 1, 9, 0),
(207, 'ព្រហស្បតិ៍', '09:00:00', '09:50:00', '9A', '2025-2026', 5, 5, 9, 0),
(208, 'ព្រហស្បតិ៍', '10:00:00', '10:50:00', '9A', '2025-2026', 6, 6, 9, 0),
(209, 'សុក្រ', '07:00:00', '07:50:00', '9A', '2025-2026', 7, 7, 9, 0),
(210, 'សុក្រ', '08:00:00', '08:50:00', '9A', '2025-2026', 1, 1, 9, 0),
(211, 'សុក្រ', '09:00:00', '09:50:00', '9A', '2025-2026', 2, 2, 9, 0),
(212, 'សុក្រ', '10:00:00', '10:50:00', '9A', '2025-2026', 3, 3, 9, 0),
(213, 'សៅរ៏', '07:00:00', '07:50:00', '9A', '2025-2026', 4, 4, 9, 0),
(214, 'សៅរ៏', '08:00:00', '08:50:00', '9A', '2025-2026', 5, 5, 9, 0),
(215, 'សៅរ៏', '09:00:00', '09:50:00', '9A', '2025-2026', 6, 6, 9, 0),
(216, 'សៅរ៏', '10:00:00', '10:50:00', '9A', '2025-2026', 7, 7, 9, 0);

-- --------------------------------------------------------

--
-- Table structure for table `users`
--

CREATE TABLE `users` (
  `id` int(11) NOT NULL,
  `username` varchar(50) NOT NULL,
  `password` varchar(255) NOT NULL,
  `full_name` varchar(100) NOT NULL,
  `email` varchar(255) NOT NULL,
  `role` varchar(20) NOT NULL DEFAULT 'student',
  `created_at` timestamp NOT NULL DEFAULT CURRENT_TIMESTAMP
) ENGINE=InnoDB DEFAULT CHARSET=utf8mb4;

--
-- Dumping data for table `users`
--

INSERT INTO `users` (`id`, `username`, `password`, `full_name`, `email`, `role`, `created_at`) VALUES
(1, 'admin', '123456', 'System Admin', '', 'admin', '2026-01-14 15:06:13'),
(2, 'staff01', 'staff123', 'staff', '', 'staff', '2026-01-14 15:06:13'),
(13, '1', '123', 'ជា ឧត្តម', '', 'teacher', '2026-01-15 05:52:52'),
(19, 'admin01', 'admin123', 'Administrator', '', 'admin', '2026-01-15 05:54:31'),
(730, '3', '123', 'លោកគ្រូ ហេង ឡុង', '', 'teacher', '2026-01-20 05:01:52'),
(731, '4', '123', 'អ្នកគ្រូ ម៉ារី យ៉ា', '', 'teacher', '2026-01-20 05:01:52'),
(732, '5', '123', 'លោកគ្រូ វណ្ណឌី', '', 'teacher', '2026-01-20 05:01:52'),
(733, '6', '123', 'អ្នកគ្រូ ស្រីមុំ', '', 'teacher', '2026-01-20 05:01:52'),
(734, '7', '123', 'លោកគ្រូ រតនា', '', 'teacher', '2026-01-20 05:01:52'),
(2154, 'S2026001', 'S2026001', 'លី វឌ្ឍនៈ', '', 'student', '2026-02-02 12:38:58'),
(2155, 'S2026002', 'S2026002', 'ជា ស្រីលីន', '', 'student', '2026-02-02 12:38:58'),
(2156, 'S2026003', 'S2026003', 'នួន ចាន់រ៉ា', '', 'student', '2026-02-02 12:38:58'),
(2157, 'S2026004', 'S2026004', 'សោម ម៉ារីយ៉ា', '', 'student', '2026-02-02 12:38:58'),
(2158, 'S2026005', 'S2026005', 'រស់ បុរី', '', 'student', '2026-02-02 12:38:58'),
(2159, 'S2026006', 'S2026006', 'គឹម សុធានី', '', 'student', '2026-02-02 12:38:58'),
(2160, 'S2026007', 'S2026007', 'ផាន សំណាង', '', 'student', '2026-02-02 12:38:58'),
(2161, 'S2026008', 'S2026008', 'ឡាំ ម៉ារីណា', '', 'student', '2026-02-02 12:38:58'),
(2162, 'S2026009', 'S2026009', 'ថន វិសាល', '', 'student', '2026-02-02 12:38:58'),
(2163, 'S2026010', 'S2026010', 'ម៉ៅ ស្រីនា', '', 'student', '2026-02-02 12:38:58'),
(2164, 'S2026011', 'S2026011', 'ហ៊ាន រតនា', '', 'student', '2026-02-02 12:38:58'),
(2165, 'S2026012', 'S2026012', 'ឡុង សុភ័ក្រ', '', 'student', '2026-02-02 12:38:58'),
(2166, 'S2026013', 'S2026013', 'ស៊ន សុបញ្ញា', '', 'student', '2026-02-02 12:38:58'),
(2167, 'S2026014', 'S2026014', 'ម៉ែន ម៉ារី', '', 'student', '2026-02-02 12:38:58'),
(2168, 'S2026015', 'S2026015', 'សិត វិបុល', '', 'student', '2026-02-02 12:38:58'),
(2169, 'S2026016', 'S2026016', 'ង៉ែត ស្រីនិច', '', 'student', '2026-02-02 12:38:58'),
(2170, 'S2026017', 'S2026017', 'ប៊ុន រិទ្ធី', '', 'student', '2026-02-02 12:38:58'),
(2171, 'S2026018', 'S2026018', 'ហូ ម៉ារីណា', '', 'student', '2026-02-02 12:38:58'),
(2172, 'S2026019', 'S2026019', 'ហ៊ឹម បញ្ញា', '', 'student', '2026-02-02 12:38:58'),
(2173, 'S2026020', 'S2026020', 'ឃុត សុខា', '', 'student', '2026-02-02 12:38:58'),
(2174, 'S2026021', 'S2026021', 'ចាន់ វិចិត្រ', '', 'student', '2026-02-02 12:38:58'),
(2175, 'S2026022', 'S2026022', 'លី សុភ័ក្រ', '', 'student', '2026-02-02 12:38:58'),
(2176, 'S2026023', 'S2026023', 'មាស វឌ្ឍនៈ', '', 'student', '2026-02-02 12:38:58'),
(2177, 'S2026024', 'S2026024', 'រស់ ចាន់នី', '', 'student', '2026-02-02 12:38:58'),
(2178, 'S2026025', 'S2026025', 'វង្ស សុជាតិ', '', 'student', '2026-02-02 12:38:58'),
(2179, 'S2026026', 'S2026026', 'ឡុង ស្រីនិច', '', 'student', '2026-02-02 12:38:58'),
(2180, 'S2026027', 'S2026027', 'អ៊ិត វណ្ណឌី', '', 'student', '2026-02-02 12:38:58'),
(2181, 'S2026028', 'S2026028', 'សុខ ម៉ារីណា', '', 'student', '2026-02-02 12:38:58'),
(2182, 'S2026029', 'S2026029', 'យ៉ាន បញ្ញា', '', 'student', '2026-02-02 12:38:58'),
(2183, 'S2026030', 'S2026030', 'ហេង សុខហេង', '', 'student', '2026-02-02 12:38:58'),
(2184, 'S2026031', 'S2026031', 'លី ម៉ារីណា', '', 'student', '2026-02-02 12:39:09'),
(2185, 'S2026032', 'S2026032', 'ជា វិសាល', '', 'student', '2026-02-02 12:39:09'),
(2186, 'S2026033', 'S2026033', 'នួន សំណាង', '', 'student', '2026-02-02 12:39:09'),
(2187, 'S2026034', 'S2026034', 'សោម វិចិត្រ', '', 'student', '2026-02-02 12:39:09'),
(2188, 'S2026035', 'S2026035', 'រស់ ស្រីពេជ្រ', '', 'student', '2026-02-02 12:39:09'),
(2189, 'S2026036', 'S2026036', 'គឹម សុធារ៉ា', '', 'student', '2026-02-02 12:39:09'),
(2190, 'S2026037', 'S2026037', 'ផាន សុបញ្ញា', '', 'student', '2026-02-02 12:39:09'),
(2191, 'S2026038', 'S2026038', 'ឡាំ វណ្ណៈ', '', 'student', '2026-02-02 12:39:09'),
(2192, 'S2026039', 'S2026039', 'ថន សុគន្ធា', '', 'student', '2026-02-02 12:39:09'),
(2193, 'S2026040', 'S2026040', 'ម៉ៅ វិរៈ', '', 'student', '2026-02-02 12:39:10'),
(2194, 'S2026041', 'S2026041', 'ហ៊ាន សុខជា', '', 'student', '2026-02-02 12:39:10'),
(2195, 'S2026042', 'S2026042', 'ឡុង បញ្ញា', '', 'student', '2026-02-02 12:39:10'),
(2196, 'S2026043', 'S2026043', 'ស៊ន សុខហេង', '', 'student', '2026-02-02 12:39:10'),
(2197, 'S2026044', 'S2026044', 'ញ៉ែម ស្រីឡែន', '', 'student', '2026-02-02 12:39:10'),
(2198, 'S2026045', 'S2026045', 'សិត វិបុល', '', 'student', '2026-02-02 12:39:10'),
(2199, 'S2026046', 'S2026046', 'ង៉ែត ម៉ារី', '', 'student', '2026-02-02 12:39:10'),
(2200, 'S2026047', 'S2026047', 'ប៊ុន សុភី', '', 'student', '2026-02-02 12:39:10'),
(2201, 'S2026048', 'S2026048', 'ហូ វណ្ណឌី', '', 'student', '2026-02-02 12:39:10'),
(2202, 'S2026049', 'S2026049', 'ហ៊ឹម ស្រីនាង', '', 'student', '2026-02-02 12:39:10'),
(2203, 'S2026050', 'S2026050', 'ឃុត ចាន់នី', '', 'student', '2026-02-02 12:39:10'),
(2204, 'S2026051', 'S2026051', 'សុខ សុភ័ក្ត្រ', '', 'student', '2026-02-02 12:39:10'),
(2205, 'S2026052', 'S2026052', 'ចាន់ វិសាល', '', 'student', '2026-02-02 12:39:10'),
(2206, 'S2026053', 'S2026053', 'ហេង បូរ៉ា', '', 'student', '2026-02-02 12:39:10'),
(2207, 'S2026054', 'S2026054', 'លី សុផាត', '', 'student', '2026-02-02 12:39:10'),
(2208, 'S2026055', 'S2026055', 'មាស ស្រីរ័ត្ន', '', 'student', '2026-02-02 12:39:10'),
(2209, 'S2026056', 'S2026056', 'ម៉ៅ សំណាង', '', 'student', '2026-02-02 12:39:10'),
(2210, 'S2026057', 'S2026057', 'រស់ បញ្ញា', '', 'student', '2026-02-02 12:39:10'),
(2211, 'S2026058', 'S2026058', 'វង្ស សុជាតិ', '', 'student', '2026-02-02 12:39:10'),
(2212, 'S2026059', 'S2026059', 'ឡុង ស្រីនិច', '', 'student', '2026-02-02 12:39:10'),
(2213, 'S2026060', 'S2026060', 'អ៊ិត វណ្ណៈ', '', 'student', '2026-02-02 12:39:10'),
(2214, 'S2026061', 'S2026061', 'សាន វិសាល', '', 'student', '2026-02-02 12:39:19'),
(2215, 'S2026062', 'S2026062', 'អ៊ុន ស្រីឡែន', '', 'student', '2026-02-02 12:39:19'),
(2216, 'S2026063', 'S2026063', 'ជា បញ្ញា', '', 'student', '2026-02-02 12:39:19'),
(2217, 'S2026064', 'S2026064', 'លឹម ម៉ារីណា', '', 'student', '2026-02-02 12:39:19'),
(2218, 'S2026065', 'S2026065', 'រស់ វឌ្ឍនៈ', '', 'student', '2026-02-02 12:39:19'),
(2219, 'S2026066', 'S2026066', 'គឹម សុភ័ក្រ', '', 'student', '2026-02-02 12:39:19'),
(2220, 'S2026067', 'S2026067', 'ផាន វិបុល', '', 'student', '2026-02-02 12:39:19'),
(2221, 'S2026068', 'S2026068', 'ឡាំ ស្រីនិច', '', 'student', '2026-02-02 12:39:19'),
(2222, 'S2026069', 'S2026069', 'ថន សំណាង', '', 'student', '2026-02-02 12:39:19'),
(2223, 'S2026070', 'S2026070', 'ម៉ៅ ម៉ារីយ៉ា', '', 'student', '2026-02-02 12:39:19'),
(2224, 'S2026071', 'S2026071', 'ហ៊ាន វិចិត្រ', '', 'student', '2026-02-02 12:39:19'),
(2225, 'S2026072', 'S2026072', 'ឡុង ចាន់នី', '', 'student', '2026-02-02 12:39:19'),
(2226, 'S2026073', 'S2026073', 'ស៊ន មករា', '', 'student', '2026-02-02 12:39:19'),
(2227, 'S2026074', 'S2026074', 'ម៉ែន ស្រីពេជ្រ', '', 'student', '2026-02-02 12:39:19'),
(2228, 'S2026075', 'S2026075', 'សិត វណ្ណៈ', '', 'student', '2026-02-02 12:39:19'),
(2229, 'S2026076', 'S2026076', 'ង៉ែត ម៉ារីណា', '', 'student', '2026-02-02 12:39:19'),
(2230, 'S2026077', 'S2026077', 'ប៊ុន សុជាតិ', '', 'student', '2026-02-02 12:39:19'),
(2231, 'S2026078', 'S2026078', 'ហូ ស្រីនា', '', 'student', '2026-02-02 12:39:19'),
(2232, 'S2026079', 'S2026079', 'ហ៊ឹម រតនា', '', 'student', '2026-02-02 12:39:19'),
(2233, 'S2026080', 'S2026080', 'ឃុត ម៉ារី', '', 'student', '2026-02-02 12:39:19'),
(2234, 'S2026081', 'S2026081', 'ចាន់ វិសាល', '', 'student', '2026-02-02 12:39:19'),
(2235, 'S2026082', 'S2026082', 'លី ស្រីឡែន', '', 'student', '2026-02-02 12:39:19'),
(2236, 'S2026083', 'S2026083', 'មាស បញ្ញា', '', 'student', '2026-02-02 12:39:19'),
(2237, 'S2026084', 'S2026084', 'រស់ ស្រីនិច', '', 'student', '2026-02-02 12:39:19'),
(2238, 'S2026085', 'S2026085', 'វង្ស វីរៈ', '', 'student', '2026-02-02 12:39:19'),
(2239, 'S2026086', 'S2026086', 'ឡុង ម៉ារីណា', '', 'student', '2026-02-02 12:39:19'),
(2240, 'S2026087', 'S2026087', 'អ៊ិត វិបុល', '', 'student', '2026-02-02 12:39:19'),
(2241, 'S2026088', 'S2026088', 'សុខ ចាន់នី', '', 'student', '2026-02-02 12:39:19'),
(2242, 'S2026089', 'S2026089', 'យ៉ាន វណ្ណៈ', '', 'student', '2026-02-02 12:39:19'),
(2243, 'S2026090', 'S2026090', 'ហេង ស្រីលីស', '', 'student', '2026-02-02 12:39:19'),
(2244, 'S2026091', 'S2026091', 'ថុល វិបុល', '', 'student', '2026-02-02 12:39:28'),
(2245, 'S2026092', 'S2026092', 'យន់ ស្រីមុំ', '', 'student', '2026-02-02 12:39:28'),
(2246, 'S2026093', 'S2026093', 'ឡាំ វឌ្ឍនៈ', '', 'student', '2026-02-02 12:39:28'),
(2247, 'S2026094', 'S2026094', 'សោម ស្រីពេជ្រ', '', 'student', '2026-02-02 12:39:28'),
(2248, 'S2026095', 'S2026095', 'ជា វិសាល', '', 'student', '2026-02-02 12:39:28'),
(2249, 'S2026096', 'S2026096', 'គឹម ម៉ារីណា', '', 'student', '2026-02-02 12:39:28'),
(2250, 'S2026097', 'S2026097', 'ផាន សុបញ្ញា', '', 'student', '2026-02-02 12:39:28'),
(2251, 'S2026098', 'S2026098', 'ឡុង ស្រីនិច', '', 'student', '2026-02-02 12:39:28'),
(2252, 'S2026099', 'S2026099', 'ថន សំណាង', '', 'student', '2026-02-02 12:39:28'),
(2253, 'S2026100', 'S2026100', 'ម៉ៅ ចាន់នី', '', 'student', '2026-02-02 12:39:28'),
(2254, 'S2026101', 'S2026101', 'ហ៊ាន វិចិត្រ', '', 'student', '2026-02-02 12:39:28'),
(2255, 'S2026102', 'S2026102', 'ស៊ន សុគន្ធា', '', 'student', '2026-02-02 12:39:28'),
(2256, 'S2026103', 'S2026103', 'លឹម មករា', '', 'student', '2026-02-02 12:39:28'),
(2257, 'S2026104', 'S2026104', 'ម៉ែន ស្រីឡែន', '', 'student', '2026-02-02 12:39:28'),
(2258, 'S2026105', 'S2026105', 'សិត វណ្ណៈ', '', 'student', '2026-02-02 12:39:28'),
(2259, 'S2026106', 'S2026106', 'ង៉ែត ម៉ារីយ៉ា', '', 'student', '2026-02-02 12:39:28'),
(2260, 'S2026107', 'S2026107', 'ប៊ុន សុជាតិ', '', 'student', '2026-02-02 12:39:28'),
(2261, 'S2026108', 'S2026108', 'ហូ ស្រីនា', '', 'student', '2026-02-02 12:39:28'),
(2262, 'S2026109', 'S2026109', 'ហ៊ឹម បញ្ញា', '', 'student', '2026-02-02 12:39:28'),
(2263, 'S2026110', 'S2026110', 'ឃុត ស្រីមុំ', '', 'student', '2026-02-02 12:39:28'),
(2264, 'S2026111', 'S2026111', 'ចាន់ វឌ្ឍនៈ', '', 'student', '2026-02-02 12:39:28'),
(2265, 'S2026112', 'S2026112', 'លី ស្រីនិច', '', 'student', '2026-02-02 12:39:28'),
(2266, 'S2026113', 'S2026113', 'មាស វិបុល', '', 'student', '2026-02-02 12:39:28'),
(2267, 'S2026114', 'S2026114', 'រស់ ចាន់នី', '', 'student', '2026-02-02 12:39:28'),
(2268, 'S2026115', 'S2026115', 'វង្ស វិរៈ', '', 'student', '2026-02-02 12:39:28'),
(2269, 'S2026116', 'S2026116', 'ឡុង ម៉ារីណា', '', 'student', '2026-02-02 12:39:28'),
(2270, 'S2026117', 'S2026117', 'អ៊ិត វណ្ណៈ', '', 'student', '2026-02-02 12:39:28'),
(2271, 'S2026118', 'S2026118', 'សុខ ស្រីឡែន', '', 'student', '2026-02-02 12:39:28'),
(2272, 'S2026119', 'S2026119', 'យ៉ាន បញ្ញា', '', 'student', '2026-02-02 12:39:28'),
(2273, 'S2026120', 'S2026120', 'ហេង ម៉ារី', '', 'student', '2026-02-02 12:39:28'),
(2274, 'S2026121', 'S2026121', 'ម៉ៅ វិសាល', '', 'student', '2026-02-02 12:39:35'),
(2275, 'S2026122', 'S2026122', 'លី ស្រីរ័ត្ន', '', 'student', '2026-02-02 12:39:35'),
(2276, 'S2026123', 'S2026123', 'ជា បញ្ញា', '', 'student', '2026-02-02 12:39:35'),
(2277, 'S2026124', 'S2026124', 'នួន ម៉ារីណា', '', 'student', '2026-02-02 12:39:35'),
(2278, 'S2026125', 'S2026125', 'រស់ វឌ្ឍនៈ', '', 'student', '2026-02-02 12:39:35'),
(2279, 'S2026126', 'S2026126', 'គឹម សុធារ៉ា', '', 'student', '2026-02-02 12:39:35'),
(2280, 'S2026127', 'S2026127', 'ផាន សុបញ្ញា', '', 'student', '2026-02-02 12:39:35'),
(2281, 'S2026128', 'S2026128', 'ឡាំ ស្រីនិច', '', 'student', '2026-02-02 12:39:35'),
(2282, 'S2026129', 'S2026129', 'ថន សំណាង', '', 'student', '2026-02-02 12:39:35'),
(2283, 'S2026130', 'S2026130', 'ឡុង ស្រីមុំ', '', 'student', '2026-02-02 12:39:35'),
(2284, 'S2026131', 'S2026131', 'ហ៊ាន វិចិត្រ', '', 'student', '2026-02-02 12:39:35'),
(2285, 'S2026132', 'S2026132', 'ស៊ន សុគន្ធា', '', 'student', '2026-02-02 12:39:35'),
(2286, 'S2026133', 'S2026133', 'លឹម មករា', '', 'student', '2026-02-02 12:39:35'),
(2287, 'S2026134', 'S2026134', 'ម៉ែន ស្រីឡែន', '', 'student', '2026-02-02 12:39:35'),
(2288, 'S2026135', 'S2026135', 'សិត វណ្ណៈ', '', 'student', '2026-02-02 12:39:35'),
(2289, 'S2026136', 'S2026136', 'ង៉ែត ម៉ារីយ៉ា', '', 'student', '2026-02-02 12:39:35'),
(2290, 'S2026137', 'S2026137', 'ប៊ុន សុជាតិ', '', 'student', '2026-02-02 12:39:35'),
(2291, 'S2026138', 'S2026138', 'ហូ ស្រីនា', '', 'student', '2026-02-02 12:39:35'),
(2292, 'S2026139', 'S2026139', 'ហ៊ឹម បញ្ញា', '', 'student', '2026-02-02 12:39:35'),
(2293, 'S2026140', 'S2026140', 'ឃុត ស្រីមុំ', '', 'student', '2026-02-02 12:39:35'),
(2294, 'S2026141', 'S2026141', 'ចាន់ វឌ្ឍនៈ', '', 'student', '2026-02-02 12:39:35'),
(2295, 'S2026142', 'S2026142', 'លី ស្រីនិច', '', 'student', '2026-02-02 12:39:35'),
(2296, 'S2026143', 'S2026143', 'មាស វិបុល', '', 'student', '2026-02-02 12:39:35'),
(2297, 'S2026144', 'S2026144', 'រស់ ចាន់នី', '', 'student', '2026-02-02 12:39:35'),
(2298, 'S2026145', 'S2026145', 'វង្ស វិរៈ', '', 'student', '2026-02-02 12:39:35'),
(2299, 'S2026146', 'S2026146', 'ឡុង ម៉ារីណា', '', 'student', '2026-02-02 12:39:35'),
(2300, 'S2026147', 'S2026147', 'អ៊ិត វណ្ណៈ', '', 'student', '2026-02-02 12:39:35'),
(2301, 'S2026148', 'S2026148', 'សុខ ស្រីឡែន', '', 'student', '2026-02-02 12:39:35'),
(2302, 'S2026149', 'S2026149', 'យ៉ាន បញ្ញា', '', 'student', '2026-02-02 12:39:35'),
(2303, 'S2026150', 'S2026150', 'ហេង ម៉ារី', '', 'student', '2026-02-02 12:39:35'),
(2304, 'S2026151', 'S2026151', 'ឡាយ វិសាល', '', 'student', '2026-02-02 12:39:43'),
(2305, 'S2026152', 'S2026152', 'សុខ ស្រីនា', '', 'student', '2026-02-02 12:39:43'),
(2306, 'S2026153', 'S2026153', 'វង្ស បញ្ញា', '', 'student', '2026-02-02 12:39:43'),
(2307, 'S2026154', 'S2026154', 'ជា ម៉ារីណា', '', 'student', '2026-02-02 12:39:43'),
(2308, 'S2026155', 'S2026155', 'នួន វឌ្ឍនៈ', '', 'student', '2026-02-02 12:39:43'),
(2309, 'S2026156', 'S2026156', 'សោម ស្រីនិច', '', 'student', '2026-02-02 12:39:43'),
(2310, 'S2026157', 'S2026157', 'រស់ វិបុល', '', 'student', '2026-02-02 12:39:43'),
(2311, 'S2026158', 'S2026158', 'គឹម សុខហេង', '', 'student', '2026-02-02 12:39:43'),
(2312, 'S2026159', 'S2026159', 'ផាន ស្រីឡែន', '', 'student', '2026-02-02 12:39:43'),
(2313, 'S2026160', 'S2026160', 'ឡាំ សុបញ្ញា', '', 'student', '2026-02-02 12:39:43'),
(2314, 'S2026161', 'S2026161', 'ថន មករា', '', 'student', '2026-02-02 12:39:43'),
(2315, 'S2026162', 'S2026162', 'សុខ ស្រីពេជ្រ', '', 'student', '2026-02-02 12:39:43'),
(2316, 'S2026163', 'S2026163', 'យ៉ាន វណ្ណៈ', '', 'student', '2026-02-02 12:39:43'),
(2317, 'S2026164', 'S2026164', 'ឃុន ស្រីមុំ', '', 'student', '2026-02-02 12:39:43'),
(2318, 'S2026165', 'S2026165', 'សោម វិបុល', '', 'student', '2026-02-02 12:39:43'),
(2319, 'S2026166', 'S2026166', 'ពេជ្រ ចាន់នី', '', 'student', '2026-02-02 12:39:43'),
(2320, 'S2026167', 'S2026167', 'លឹម សុខា', '', 'student', '2026-02-02 12:39:43'),
(2321, 'S2026168', 'S2026168', 'អ៊ិត សំណាង', '', 'student', '2026-02-02 12:39:43'),
(2322, 'S2026169', 'S2026169', 'ម៉ៅ សុភ័ក្រ', '', 'student', '2026-02-02 12:39:43'),
(2323, 'S2026170', 'S2026170', 'ហ៊ាន វណ្ណឌី', '', 'student', '2026-02-02 12:39:43'),
(2324, 'S2026171', 'S2026171', 'ហេង សុគន្ធា', '', 'student', '2026-02-02 12:39:43'),
(2325, 'S2026172', 'S2026172', 'ស៊ន វិសាល', '', 'student', '2026-02-02 12:39:43'),
(2326, 'S2026173', 'S2026173', 'ម៉ែន ស្រីឡែន', '', 'student', '2026-02-02 12:39:43'),
(2327, 'S2026174', 'S2026174', 'ញ៉ែម បញ្ញា', '', 'student', '2026-02-02 12:39:43'),
(2328, 'S2026175', 'S2026175', 'សិត ម៉ារី', '', 'student', '2026-02-02 12:39:43'),
(2329, 'S2026176', 'S2026176', 'ង៉ែត វិបុល', '', 'student', '2026-02-02 12:39:43'),
(2330, 'S2026177', 'S2026177', 'ប៊ុន សុភ័ក្ត្រ', '', 'student', '2026-02-02 12:39:43'),
(2331, 'S2026178', 'S2026178', 'ហូ សុខហេង', '', 'student', '2026-02-02 12:39:43'),
(2332, 'S2026179', 'S2026179', 'ហ៊ឹម ស្រីនាង', '', 'student', '2026-02-02 12:39:43'),
(2333, 'S2026180', 'S2026180', 'ឃុត វិសាល', '', 'student', '2026-02-02 12:39:43'),
(2334, 'B20234888', 'B20234888', 'ជា ឧត្តម', '', 'student', '2026-02-03 03:53:50');

--
-- Indexes for dumped tables
--

--
-- Indexes for table `announcements`
--
ALTER TABLE `announcements`
  ADD PRIMARY KEY (`id`);

--
-- Indexes for table `attendance`
--
ALTER TABLE `attendance`
  ADD PRIMARY KEY (`id`);

--
-- Indexes for table `classes`
--
ALTER TABLE `classes`
  ADD PRIMARY KEY (`id`);

--
-- Indexes for table `scores`
--
ALTER TABLE `scores`
  ADD PRIMARY KEY (`id`),
  ADD UNIQUE KEY `unique_student_subject` (`student_id`,`subject_id`),
  ADD UNIQUE KEY `unique_score` (`student_id`,`subject_id`,`input_month`,`input_year`);

--
-- Indexes for table `students`
--
ALTER TABLE `students`
  ADD PRIMARY KEY (`id`);

--
-- Indexes for table `subjects`
--
ALTER TABLE `subjects`
  ADD PRIMARY KEY (`id`),
  ADD KEY `teacher_id` (`teacher_id`);

--
-- Indexes for table `teachers`
--
ALTER TABLE `teachers`
  ADD PRIMARY KEY (`teacher_id`),
  ADD KEY `user_id` (`user_id`);

--
-- Indexes for table `teacher_assignments`
--
ALTER TABLE `teacher_assignments`
  ADD PRIMARY KEY (`id`);

--
-- Indexes for table `timetable`
--
ALTER TABLE `timetable`
  ADD PRIMARY KEY (`id`);

--
-- Indexes for table `users`
--
ALTER TABLE `users`
  ADD PRIMARY KEY (`id`),
  ADD UNIQUE KEY `username` (`username`),
  ADD UNIQUE KEY `username_2` (`username`);

--
-- AUTO_INCREMENT for dumped tables
--

--
-- AUTO_INCREMENT for table `announcements`
--
ALTER TABLE `announcements`
  MODIFY `id` int(11) NOT NULL AUTO_INCREMENT, AUTO_INCREMENT=8;

--
-- AUTO_INCREMENT for table `attendance`
--
ALTER TABLE `attendance`
  MODIFY `id` int(11) NOT NULL AUTO_INCREMENT, AUTO_INCREMENT=32;

--
-- AUTO_INCREMENT for table `classes`
--
ALTER TABLE `classes`
  MODIFY `id` int(11) NOT NULL AUTO_INCREMENT, AUTO_INCREMENT=10;

--
-- AUTO_INCREMENT for table `scores`
--
ALTER TABLE `scores`
  MODIFY `id` int(11) NOT NULL AUTO_INCREMENT;

--
-- AUTO_INCREMENT for table `students`
--
ALTER TABLE `students`
  MODIFY `id` int(11) NOT NULL AUTO_INCREMENT, AUTO_INCREMENT=182;

--
-- AUTO_INCREMENT for table `subjects`
--
ALTER TABLE `subjects`
  MODIFY `id` int(11) NOT NULL AUTO_INCREMENT, AUTO_INCREMENT=8;

--
-- AUTO_INCREMENT for table `teacher_assignments`
--
ALTER TABLE `teacher_assignments`
  MODIFY `id` int(11) NOT NULL AUTO_INCREMENT, AUTO_INCREMENT=2;

--
-- AUTO_INCREMENT for table `timetable`
--
ALTER TABLE `timetable`
  MODIFY `id` int(11) NOT NULL AUTO_INCREMENT, AUTO_INCREMENT=217;

--
-- AUTO_INCREMENT for table `users`
--
ALTER TABLE `users`
  MODIFY `id` int(11) NOT NULL AUTO_INCREMENT, AUTO_INCREMENT=2348;

--
-- Constraints for dumped tables
--

--
-- Constraints for table `subjects`
--
ALTER TABLE `subjects`
  ADD CONSTRAINT `subjects_ibfk_1` FOREIGN KEY (`teacher_id`) REFERENCES `teachers` (`teacher_id`);

--
-- Constraints for table `teachers`
--
ALTER TABLE `teachers`
  ADD CONSTRAINT `teachers_ibfk_1` FOREIGN KEY (`user_id`) REFERENCES `users` (`id`) ON DELETE CASCADE;
COMMIT;

/*!40101 SET CHARACTER_SET_CLIENT=@OLD_CHARACTER_SET_CLIENT */;
/*!40101 SET CHARACTER_SET_RESULTS=@OLD_CHARACTER_SET_RESULTS */;
/*!40101 SET COLLATION_CONNECTION=@OLD_COLLATION_CONNECTION */;
